t,vx,wz,tgt_r,tgt_l,spd_r,spd_l,err_r,err_l,ticks_r,ticks_l,dist_r,dist_l,raw_angle,filtered_angle,error,weld,ff_r,ff_l,kickstart_r,kickstart_l,holding_r,holding_l,manual_pwm_mode,surface_mode
2.159,0.0,0.0,0.0,0.0,0.0,0.0,0.0,0.0,0,0,0.0,0.0,nan,nan,nan,UNKNOWN,0.0,0.0,False,False,True,True,False,horizontal
2.209,0.0,0.0,0.0,0.0,0.0,0.0,0.0,0.0,0,0,0.0,0.0,nan,nan,nan,UNKNOWN,0.0,0.0,False,False,True,True,False,horizontal
2.259,0.0,0.0,0.0,0.0,0.0,0.0,0.0,0.0,0,0,0.0,0.0,nan,nan,nan,UNKNOWN,0.0,0.0,False,False,True,True,False,horizontal
2.309,0.0,0.0,0.0,0.0,0.0,0.0,0.0,0.0,0,0,0.0,0.0,nan,nan,nan,UNKNOWN,0.0,0.0,False,False,True,True,False,horizontal
2.359,0.0,0.0,0.0,0.0,0.0,0.0,0.0,0.0,0,0,0.0,0.0,nan,nan,nan,UNKNOWN,0.0,0.0,False,False,True,True,False,horizontal
2.409,0.0,0.0,0.0,0.0,0.0,0.0,0.0,0.0,0,0,0.0,0.0,nan,nan,nan,UNKNOWN,0.0,0.0,False,False,True,True,False,horizontal
2.459,0.0,0.0,0.0,0.0,0.0,0.0,0.0,0.0,0,0,0.0,0.0,nan,nan,nan,UNKNOWN,0.0,0.0,False,False,True,True,False,horizontal
2.509,0.0,0.0,0.0,0.0,0.0,0.0,0.0,0.0,0,0,0.0,0.0,nan,nan,nan,UNKNOWN,0.0,0.0,False,False,True,True,False,horizontal
2.559,0.0,0.0,0.0,0.0,0.0,0.0,0.0,0.0,0,0,0.0,0.0,nan,nan,nan,UNKNOWN,0.0,0.0,False,False,True,True,False,horizontal
2.609,0.0,0.0,0.0,0.0,0.0,0.0,0.0,0.0,0,0,0.0,0.0,nan,nan,nan,UNKNOWN,0.0,0.0,False,False,True,True,False,horizontal
2.659,0.0,0.0,0.0,0.0,0.0,0.0,0.0,0.0,0,0,0.0,0.0,nan,nan,nan,UNKNOWN,0.0,0.0,False,False,True,True,False,horizontal
2.709,0.0,0.0,0.0,0.0,0.0,0.0,0.0,0.0,0,0,0.0,0.0,nan,nan,nan,UNKNOWN,0.0,0.0,False,False,True,True,False,horizontal
2.759,0.0,0.0,0.0,0.0,0.0,0.0,0.0,0.0,0,0,0.0,0.0,nan,nan,nan,UNKNOWN,0.0,0.0,False,False,True,True,False,horizontal
2.809,0.0,0.0,0.0,0.0,0.0,0.0,0.0,0.0,0,0,0.0,0.0,nan,nan,nan,UNKNOWN,0.0,0.0,False,False,True,True,False,horizontal
2.859,0.0,0.0,0.0,0.0,0.0,0.0,0.0,0.0,0,0,0.0,0.0,nan,nan,nan,UNKNOWN,0.0,0.0,False,False,True,True,False,horizontal
2.909,0.0,0.0,0.0,0.0,0.0,0.0,0.0,0.0,0,0,0.0,0.0,nan,nan,nan,UNKNOWN,0.0,0.0,False,False,True,True,False,horizontal
2.959,0.0,0.0,0.0,0.0,0.0,0.0,0.0,0.0,0,0,0.0,0.0,nan,nan,nan,UNKNOWN,0.0,0.0,False,False,True,True,False,horizontal
3.009,0.0,0.0,0.0,0.0,0.0,0.0,0.0,0.0,0,0,0.0,0.0,nan,nan,nan,UNKNOWN,0.0,0.0,False,False,True,True,False,horizontal
3.059,0.0,0.0,0.0,0.0,0.0,0.0,0.0,0.0,0,0,0.0,0.0,nan,nan,nan,UNKNOWN,0.0,0.0,False,False,True,True,False,horizontal
3.111,0.0,0.0,0.0,0.0,0.0,0.0,0.0,0.0,0,0,0.0,0.0,nan,nan,nan,UNKNOWN,0.0,0.0,False,False,True,True,False,horizontal
3.159,0.0,0.0,0.0,0.0,0.0,0.0,0.0,0.0,0,0,0.0,0.0,nan,nan,nan,UNKNOWN,0.0,0.0,False,False,True,True,False,horizontal
3.209,0.0,0.0,0.0,0.0,0.0,0.0,0.0,0.0,0,0,0.0,0.0,nan,nan,nan,UNKNOWN,0.0,0.0,False,False,True,True,False,horizontal
3.259,0.0,0.0,0.0,0.0,0.0,0.0,0.0,0.0,0,0,0.0,0.0,nan,nan,nan,UNKNOWN,0.0,0.0,False,False,True,True,False,horizontal
3.309,0.0,0.0,0.0,0.0,0.0,0.0,0.0,0.0,0,0,0.0,0.0,nan,nan,nan,UNKNOWN,0.0,0.0,False,False,True,True,False,horizontal
3.359,0.0,0.0,0.0,0.0,0.0,0.0,0.0,0.0,0,0,0.0,0.0,nan,nan,nan,UNKNOWN,0.0,0.0,False,False,True,True,False,horizontal
3.409,0.0,0.0,0.0,0.0,0.0,0.0,0.0,0.0,0,0,0.0,0.0,nan,nan,nan,UNKNOWN,0.0,0.0,False,False,True,True,False,horizontal
3.459,0.0,0.0,0.0,0.0,0.0,0.0,0.0,0.0,0,0,0.0,0.0,nan,nan,nan,UNKNOWN,0.0,0.0,False,False,True,True,False,horizontal
3.509,0.0,0.0,0.0,0.0,0.0,0.0,0.0,0.0,0,0,0.0,0.0,nan,nan,nan,UNKNOWN,0.0,0.0,False,False,True,True,False,horizontal
3.559,0.0,0.0,0.0,0.0,0.0,0.0,0.0,0.0,0,0,0.0,0.0,nan,nan,nan,UNKNOWN,0.0,0.0,False,False,True,True,False,horizontal
3.609,0.0,0.0,0.0,0.0,0.0,0.0,0.0,0.0,0,0,0.0,0.0,nan,nan,nan,UNKNOWN,0.0,0.0,False,False,True,True,False,horizontal
3.659,0.0,0.0,0.0,0.0,0.0,0.0,0.0,0.0,0,0,0.0,0.0,nan,nan,nan,UNKNOWN,0.0,0.0,False,False,True,True,False,horizontal
3.709,0.0,0.0,0.0,0.0,0.0,0.0,0.0,0.0,0,0,0.0,0.0,nan,nan,nan,UNKNOWN,0.0,0.0,False,False,True,True,False,horizontal
3.759,0.0,0.0,0.0,0.0,0.0,0.0,0.0,0.0,0,0,0.0,0.0,nan,nan,nan,UNKNOWN,0.0,0.0,False,False,True,True,False,horizontal
3.809,0.0,0.0,0.0,0.0,0.0,0.0,0.0,0.0,0,0,0.0,0.0,nan,nan,nan,UNKNOWN,0.0,0.0,False,False,True,True,False,horizontal
3.859,0.0,0.0,0.0,0.0,0.0,0.0,0.0,0.0,0,0,0.0,0.0,nan,nan,nan,UNKNOWN,0.0,0.0,False,False,True,True,False,horizontal
3.909,0.0,0.0,0.0,0.0,0.0,0.0,0.0,0.0,0,0,0.0,0.0,nan,nan,nan,UNKNOWN,0.0,0.0,False,False,True,True,False,horizontal
3.959,0.0,0.0,0.0,0.0,0.0,0.0,0.0,0.0,0,0,0.0,0.0,nan,nan,nan,UNKNOWN,0.0,0.0,False,False,True,True,False,horizontal
4.009,0.0,0.0,0.0,0.0,0.0,0.0,0.0,0.0,0,0,0.0,0.0,nan,nan,nan,UNKNOWN,0.0,0.0,False,False,True,True,False,horizontal
4.059,0.0,0.0,0.0,0.0,0.0,0.0,0.0,0.0,0,0,0.0,0.0,nan,nan,nan,UNKNOWN,0.0,0.0,False,False,True,True,False,horizontal
4.111,0.0,0.0,0.0,0.0,0.0,0.0,0.0,0.0,0,0,0.0,0.0,nan,nan,nan,UNKNOWN,0.0,0.0,False,False,True,True,False,horizontal
4.159,0.0,0.0,0.0,0.0,0.0,0.0,0.0,0.0,0,0,0.0,0.0,nan,nan,nan,UNKNOWN,0.0,0.0,False,False,True,True,False,horizontal
4.209,0.0,0.0,0.0,0.0,0.0,0.0,0.0,0.0,0,0,0.0,0.0,nan,nan,nan,UNKNOWN,0.0,0.0,False,False,True,True,False,horizontal
4.259,0.0,0.0,0.0,0.0,0.0,0.0,0.0,0.0,0,0,0.0,0.0,nan,nan,nan,UNKNOWN,0.0,0.0,False,False,True,True,False,horizontal
4.309,0.0,0.0,0.0,0.0,0.0,0.0,0.0,0.0,0,0,0.0,0.0,nan,nan,nan,UNKNOWN,0.0,0.0,False,False,True,True,False,horizontal
4.359,0.0,0.0,0.0,0.0,0.0,0.0,0.0,0.0,0,0,0.0,0.0,nan,nan,nan,UNKNOWN,0.0,0.0,False,False,True,True,False,horizontal
4.409,0.0,0.0,0.0,0.0,0.0,0.0,0.0,0.0,0,0,0.0,0.0,nan,nan,nan,UNKNOWN,0.0,0.0,False,False,True,True,False,horizontal
4.459,0.0,0.0,0.0,0.0,0.0,0.0,0.0,0.0,0,0,0.0,0.0,nan,nan,nan,UNKNOWN,0.0,0.0,False,False,True,True,False,horizontal
4.509,0.0,0.0,0.0,0.0,0.0,0.0,0.0,0.0,0,0,0.0,0.0,nan,nan,nan,UNKNOWN,0.0,0.0,False,False,True,True,False,horizontal
4.559,0.0,0.0,0.0,0.0,0.0,0.0,0.0,0.0,0,0,0.0,0.0,nan,nan,nan,UNKNOWN,0.0,0.0,False,False,True,True,False,horizontal
4.609,0.0,0.0,0.0,0.0,0.0,0.0,0.0,0.0,0,0,0.0,0.0,nan,nan,nan,UNKNOWN,0.0,0.0,False,False,True,True,False,horizontal
4.659,0.0,0.0,0.0,0.0,0.0,0.0,0.0,0.0,0,0,0.0,0.0,nan,nan,nan,UNKNOWN,0.0,0.0,False,False,True,True,False,horizontal
4.709,0.0,0.0,0.0,0.0,0.0,0.0,0.0,0.0,0,0,0.0,0.0,nan,nan,nan,UNKNOWN,0.0,0.0,False,False,True,True,False,horizontal
4.759,0.0,0.0,0.0,0.0,0.0,0.0,0.0,0.0,0,0,0.0,0.0,nan,nan,nan,UNKNOWN,0.0,0.0,False,False,True,True,False,horizontal
4.809,0.0,0.0,0.0,0.0,0.0,0.0,0.0,0.0,0,0,0.0,0.0,nan,nan,nan,UNKNOWN,0.0,0.0,False,False,True,True,False,horizontal
4.859,0.0,0.0,0.0,0.0,0.0,0.0,0.0,0.0,0,0,0.0,0.0,nan,nan,nan,UNKNOWN,0.0,0.0,False,False,True,True,False,horizontal
4.909,0.0,0.0,0.0,0.0,0.0,0.0,0.0,0.0,0,0,0.0,0.0,nan,nan,nan,UNKNOWN,0.0,0.0,False,False,True,True,False,horizontal
4.959,0.0,0.0,0.0,0.0,0.0,0.0,0.0,0.0,0,0,0.0,0.0,nan,nan,nan,UNKNOWN,0.0,0.0,False,False,True,True,False,horizontal
5.009,0.0,0.0,0.0,0.0,0.0,0.0,0.0,0.0,0,0,0.0,0.0,nan,nan,nan,UNKNOWN,0.0,0.0,False,False,True,True,False,horizontal
5.059,0.0,0.0,0.0,0.0,0.0,0.0,0.0,0.0,0,0,0.0,0.0,nan,nan,nan,UNKNOWN,0.0,0.0,False,False,True,True,False,horizontal
5.111,0.0,0.0,0.0,0.0,0.0,0.0,0.0,0.0,0,0,0.0,0.0,nan,nan,nan,UNKNOWN,0.0,0.0,False,False,True,True,False,horizontal
5.159,0.0,0.0,0.0,0.0,0.0,0.0,0.0,0.0,0,0,0.0,0.0,nan,nan,nan,UNKNOWN,0.0,0.0,False,False,True,True,False,horizontal
5.209,0.0,0.0,0.0,0.0,0.0,0.0,0.0,0.0,0,0,0.0,0.0,nan,nan,nan,UNKNOWN,0.0,0.0,False,False,True,True,False,horizontal
5.259,0.0,0.0,0.0,0.0,0.0,0.0,0.0,0.0,0,0,0.0,0.0,nan,nan,nan,UNKNOWN,0.0,0.0,False,False,True,True,False,horizontal
5.309,0.0,0.0,0.0,0.0,0.0,0.0,0.0,0.0,0,0,0.0,0.0,nan,nan,nan,UNKNOWN,0.0,0.0,False,False,True,True,False,horizontal
5.359,0.0,0.0,0.0,0.0,0.0,0.0,0.0,0.0,0,0,0.0,0.0,nan,nan,nan,UNKNOWN,0.0,0.0,False,False,True,True,False,horizontal
5.409,0.0,0.0,0.0,0.0,0.0,0.0,0.0,0.0,0,0,0.0,0.0,nan,nan,nan,UNKNOWN,0.0,0.0,False,False,True,True,False,horizontal
5.459,0.0,0.0,0.0,0.0,0.0,0.0,0.0,0.0,0,0,0.0,0.0,nan,nan,nan,UNKNOWN,0.0,0.0,False,False,True,True,False,horizontal
5.509,0.0,0.0,0.0,0.0,0.0,0.0,0.0,0.0,0,0,0.0,0.0,nan,nan,nan,UNKNOWN,0.0,0.0,False,False,True,True,False,horizontal
5.559,0.0,0.0,0.0,0.0,0.0,0.0,0.0,0.0,0,0,0.0,0.0,nan,nan,nan,UNKNOWN,0.0,0.0,False,False,True,True,False,horizontal
5.609,0.0,0.0,0.0,0.0,0.0,0.0,0.0,0.0,0,0,0.0,0.0,nan,nan,nan,UNKNOWN,0.0,0.0,False,False,True,True,False,horizontal
5.659,0.0,0.0,0.0,0.0,0.0,0.0,0.0,0.0,0,0,0.0,0.0,nan,nan,nan,UNKNOWN,0.0,0.0,False,False,True,True,False,horizontal
5.709,0.0,0.0,0.0,0.0,0.0,0.0,0.0,0.0,0,0,0.0,0.0,nan,nan,nan,UNKNOWN,0.0,0.0,False,False,True,True,False,horizontal
5.759,0.0,0.0,0.0,0.0,0.0,0.0,0.0,0.0,0,0,0.0,0.0,nan,nan,nan,UNKNOWN,0.0,0.0,False,False,True,True,False,horizontal
5.809,0.0,0.0,0.0,0.0,0.0,0.0,0.0,0.0,0,0,0.0,0.0,nan,nan,nan,UNKNOWN,0.0,0.0,False,False,True,True,False,horizontal
5.859,0.0,0.0,0.0,0.0,0.0,0.0,0.0,0.0,0,0,0.0,0.0,nan,nan,nan,UNKNOWN,0.0,0.0,False,False,True,True,False,horizontal
5.909,0.0,0.0,0.0,0.0,0.0,0.0,0.0,0.0,0,0,0.0,0.0,nan,nan,nan,UNKNOWN,0.0,0.0,False,False,True,True,False,horizontal
5.959,0.0,0.0,0.0,0.0,0.0,0.0,0.0,0.0,0,0,0.0,0.0,nan,nan,nan,UNKNOWN,0.0,0.0,False,False,True,True,False,horizontal
6.009,0.0,0.0,0.0,0.0,0.0,0.0,0.0,0.0,0,0,0.0,0.0,nan,nan,nan,UNKNOWN,0.0,0.0,False,False,True,True,False,horizontal
6.059,0.0,0.0,0.0,0.0,0.0,0.0,0.0,0.0,0,0,0.0,0.0,nan,nan,nan,UNKNOWN,0.0,0.0,False,False,True,True,False,horizontal
6.111,0.0,0.0,0.0,0.0,0.0,0.0,0.0,0.0,0,0,0.0,0.0,nan,nan,nan,UNKNOWN,0.0,0.0,False,False,True,True,False,horizontal
6.159,0.0,0.0,0.0,0.0,0.0,0.0,0.0,0.0,0,0,0.0,0.0,nan,nan,nan,UNKNOWN,0.0,0.0,False,False,True,True,False,horizontal
6.209,0.0,0.0,0.0,0.0,0.0,0.0,0.0,0.0,0,0,0.0,0.0,nan,nan,nan,UNKNOWN,0.0,0.0,False,False,True,True,False,horizontal
6.259,0.0,0.0,0.0,0.0,0.0,0.0,0.0,0.0,0,0,0.0,0.0,nan,nan,nan,UNKNOWN,0.0,0.0,False,False,True,True,False,horizontal
6.309,0.0,0.0,0.0,0.0,0.0,0.0,0.0,0.0,0,0,0.0,0.0,nan,nan,nan,UNKNOWN,0.0,0.0,False,False,True,True,False,horizontal
6.359,0.0,0.0,0.0,0.0,0.0,0.0,0.0,0.0,0,0,0.0,0.0,nan,nan,nan,UNKNOWN,0.0,0.0,False,False,True,True,False,horizontal
6.409,0.0,0.0,0.0,0.0,0.0,0.0,0.0,0.0,0,0,0.0,0.0,nan,nan,nan,UNKNOWN,0.0,0.0,False,False,True,True,False,horizontal
6.459,0.0,0.0,0.0,0.0,0.0,0.0,0.0,0.0,0,0,0.0,0.0,nan,nan,nan,UNKNOWN,0.0,0.0,False,False,True,True,False,horizontal
6.509,0.0,0.0,0.0,0.0,0.0,0.0,0.0,0.0,0,0,0.0,0.0,nan,nan,nan,UNKNOWN,0.0,0.0,False,False,True,True,False,horizontal
6.559,0.0,0.0,0.0,0.0,0.0,0.0,0.0,0.0,0,0,0.0,0.0,nan,nan,nan,UNKNOWN,0.0,0.0,False,False,True,True,False,horizontal
6.609,0.0,0.0,0.0,0.0,0.0,0.0,0.0,0.0,0,0,0.0,0.0,nan,nan,nan,UNKNOWN,0.0,0.0,False,False,True,True,False,horizontal
6.659,0.0,0.0,0.0,0.0,0.0,0.0,0.0,0.0,0,0,0.0,0.0,nan,nan,nan,UNKNOWN,0.0,0.0,False,False,True,True,False,horizontal
6.709,0.0,0.0,0.0,0.0,0.0,0.0,0.0,0.0,0,0,0.0,0.0,nan,nan,nan,UNKNOWN,0.0,0.0,False,False,True,True,False,horizontal
6.759,0.0,0.0,0.0,0.0,0.0,0.0,0.0,0.0,0,0,0.0,0.0,nan,nan,nan,UNKNOWN,0.0,0.0,False,False,True,True,False,horizontal
6.809,0.0,0.0,0.0,0.0,0.0,0.0,0.0,0.0,0,0,0.0,0.0,nan,nan,nan,UNKNOWN,0.0,0.0,False,False,True,True,False,horizontal
6.859,0.0,0.0,0.0,0.0,0.0,0.0,0.0,0.0,0,0,0.0,0.0,nan,nan,nan,UNKNOWN,0.0,0.0,False,False,True,True,False,horizontal
6.909,0.0,0.0,0.0,0.0,0.0,0.0,0.0,0.0,0,0,0.0,0.0,nan,nan,nan,UNKNOWN,0.0,0.0,False,False,True,True,False,horizontal
6.959,0.0,0.0,0.0,0.0,0.0,0.0,0.0,0.0,0,0,0.0,0.0,nan,nan,nan,UNKNOWN,0.0,0.0,False,False,True,True,False,horizontal
7.009,0.0,0.0,0.0,0.0,0.0,0.0,0.0,0.0,0,0,0.0,0.0,nan,nan,nan,UNKNOWN,0.0,0.0,False,False,True,True,False,horizontal
7.059,0.0,0.0,0.0,0.0,0.0,0.0,0.0,0.0,0,0,0.0,0.0,nan,nan,nan,UNKNOWN,0.0,0.0,False,False,True,True,False,horizontal
7.111,0.0,0.0,0.0,0.0,0.0,0.0,0.0,0.0,0,0,0.0,0.0,nan,nan,nan,UNKNOWN,0.0,0.0,False,False,True,True,False,horizontal
7.159,0.0,0.0,0.0,0.0,0.0,0.0,0.0,0.0,0,0,0.0,0.0,nan,nan,nan,UNKNOWN,0.0,0.0,False,False,True,True,False,horizontal
7.209,0.0,0.0,0.0,0.0,0.0,0.0,0.0,0.0,0,0,0.0,0.0,nan,nan,nan,UNKNOWN,0.0,0.0,False,False,True,True,False,horizontal
7.259,0.0,0.0,0.0,0.0,0.0,0.0,0.0,0.0,0,0,0.0,0.0,nan,nan,nan,UNKNOWN,0.0,0.0,False,False,True,True,False,horizontal
7.309,0.0,0.0,0.0,0.0,0.0,0.0,0.0,0.0,0,0,0.0,0.0,nan,nan,nan,UNKNOWN,0.0,0.0,False,False,True,True,False,horizontal
7.359,0.0,0.0,0.0,0.0,0.0,0.0,0.0,0.0,0,0,0.0,0.0,nan,nan,nan,UNKNOWN,0.0,0.0,False,False,True,True,False,horizontal
7.409,0.0,0.0,0.0,0.0,0.0,0.0,0.0,0.0,0,0,0.0,0.0,nan,nan,nan,UNKNOWN,0.0,0.0,False,False,True,True,False,horizontal
7.459,0.0,0.0,0.0,0.0,0.0,0.0,0.0,0.0,0,0,0.0,0.0,nan,nan,nan,UNKNOWN,0.0,0.0,False,False,True,True,False,horizontal
7.509,0.0,0.0,0.0,0.0,0.0,0.0,0.0,0.0,0,0,0.0,0.0,nan,nan,nan,UNKNOWN,0.0,0.0,False,False,True,True,False,horizontal
7.559,0.0,0.0,0.0,0.0,0.0,0.0,0.0,0.0,0,0,0.0,0.0,nan,nan,nan,UNKNOWN,0.0,0.0,False,False,True,True,False,horizontal
7.609,0.0,0.0,0.0,0.0,0.0,0.0,0.0,0.0,0,0,0.0,0.0,nan,nan,nan,UNKNOWN,0.0,0.0,False,False,True,True,False,horizontal
7.659,0.0,0.0,0.0,0.0,0.0,0.0,0.0,0.0,0,0,0.0,0.0,nan,nan,nan,UNKNOWN,0.0,0.0,False,False,True,True,False,horizontal
7.709,0.0,0.0,0.0,0.0,0.0,0.0,0.0,0.0,0,0,0.0,0.0,nan,nan,nan,UNKNOWN,0.0,0.0,False,False,True,True,False,horizontal
7.759,0.0,0.0,0.0,0.0,0.0,0.0,0.0,0.0,0,0,0.0,0.0,nan,nan,nan,UNKNOWN,0.0,0.0,False,False,True,True,False,horizontal
7.809,0.0,0.0,0.0,0.0,0.0,0.0,0.0,0.0,0,0,0.0,0.0,nan,nan,nan,UNKNOWN,0.0,0.0,False,False,True,True,False,horizontal
7.859,0.0,0.0,0.0,0.0,0.0,0.0,0.0,0.0,0,0,0.0,0.0,nan,nan,nan,UNKNOWN,0.0,0.0,False,False,True,True,False,horizontal
7.909,0.0,0.0,0.0,0.0,0.0,0.0,0.0,0.0,0,0,0.0,0.0,nan,nan,nan,UNKNOWN,0.0,0.0,False,False,True,True,False,horizontal
7.959,0.0,0.0,0.0,0.0,0.0,0.0,0.0,0.0,0,0,0.0,0.0,nan,nan,nan,UNKNOWN,0.0,0.0,False,False,True,True,False,horizontal
8.009,0.0,0.0,0.0,0.0,0.0,0.0,0.0,0.0,0,0,0.0,0.0,nan,nan,nan,UNKNOWN,0.0,0.0,False,False,True,True,False,horizontal
8.059,0.0,0.0,0.0,0.0,0.0,0.0,0.0,0.0,0,0,0.0,0.0,nan,nan,nan,UNKNOWN,0.0,0.0,False,False,True,True,False,horizontal
8.111,0.0,0.0,0.0,0.0,0.0,0.0,0.0,0.0,0,0,0.0,0.0,nan,nan,nan,UNKNOWN,0.0,0.0,False,False,True,True,False,horizontal
8.159,0.0,0.0,0.0,0.0,0.0,0.0,0.0,0.0,0,0,0.0,0.0,nan,nan,nan,UNKNOWN,0.0,0.0,False,False,True,True,False,horizontal
8.209,0.0,0.0,0.0,0.0,0.0,0.0,0.0,0.0,0,0,0.0,0.0,nan,nan,nan,UNKNOWN,0.0,0.0,False,False,True,True,False,horizontal
8.259,0.0,0.0,0.0,0.0,0.0,0.0,0.0,0.0,0,0,0.0,0.0,nan,nan,nan,UNKNOWN,0.0,0.0,False,False,True,True,False,horizontal
8.309,0.0,0.0,0.0,0.0,0.0,0.0,0.0,0.0,0,0,0.0,0.0,nan,nan,nan,UNKNOWN,0.0,0.0,False,False,True,True,False,horizontal
8.359,0.0,0.0,0.0,0.0,0.0,0.0,0.0,0.0,0,0,0.0,0.0,nan,nan,nan,UNKNOWN,0.0,0.0,False,False,True,True,False,horizontal
8.409,0.0,0.0,0.0,0.0,0.0,0.0,0.0,0.0,0,0,0.0,0.0,nan,nan,nan,UNKNOWN,0.0,0.0,False,False,True,True,False,horizontal
8.459,0.0,0.0,0.0,0.0,0.0,0.0,0.0,0.0,0,0,0.0,0.0,nan,nan,nan,UNKNOWN,0.0,0.0,False,False,True,True,False,horizontal
8.509,0.0,0.0,0.0,0.0,0.0,0.0,0.0,0.0,0,0,0.0,0.0,nan,nan,nan,UNKNOWN,0.0,0.0,False,False,True,True,False,horizontal
8.559,0.0,0.0,0.0,0.0,0.0,0.0,0.0,0.0,0,0,0.0,0.0,nan,nan,nan,UNKNOWN,0.0,0.0,False,False,True,True,False,horizontal
8.609,0.0,0.0,0.0,0.0,0.0,0.0,0.0,0.0,0,0,0.0,0.0,nan,nan,nan,UNKNOWN,0.0,0.0,False,False,True,True,False,horizontal
8.659,0.0,0.0,0.0,0.0,0.0,0.0,0.0,0.0,0,0,0.0,0.0,nan,nan,nan,UNKNOWN,0.0,0.0,False,False,True,True,False,horizontal
8.709,0.0,0.0,0.0,0.0,0.0,0.0,0.0,0.0,0,0,0.0,0.0,nan,nan,nan,UNKNOWN,0.0,0.0,False,False,True,True,False,horizontal
8.759,0.0,0.0,0.0,0.0,0.0,0.0,0.0,0.0,0,0,0.0,0.0,nan,nan,nan,UNKNOWN,0.0,0.0,False,False,True,True,False,horizontal
8.809,0.0,0.0,0.0,0.0,0.0,0.0,0.0,0.0,0,0,0.0,0.0,nan,nan,nan,UNKNOWN,0.0,0.0,False,False,True,True,False,horizontal
8.859,0.0,0.0,0.0,0.0,0.0,0.0,0.0,0.0,0,0,0.0,0.0,nan,nan,nan,UNKNOWN,0.0,0.0,False,False,True,True,False,horizontal
8.909,0.0,0.0,0.0,0.0,0.0,0.0,0.0,0.0,0,0,0.0,0.0,nan,nan,nan,UNKNOWN,0.0,0.0,False,False,True,True,False,horizontal
8.959,0.0,0.0,0.0,0.0,0.0,0.0,0.0,0.0,0,0,0.0,0.0,nan,nan,nan,UNKNOWN,0.0,0.0,False,False,True,True,False,horizontal
9.009,0.0,0.0,0.0,0.0,0.0,0.0,0.0,0.0,0,0,0.0,0.0,nan,nan,nan,UNKNOWN,0.0,0.0,False,False,True,True,False,horizontal
9.059,0.0,0.0,0.0,0.0,0.0,0.0,0.0,0.0,0,0,0.0,0.0,nan,nan,nan,UNKNOWN,0.0,0.0,False,False,True,True,False,horizontal
9.111,0.0,0.0,0.0,0.0,0.0,0.0,0.0,0.0,0,0,0.0,0.0,nan,nan,nan,UNKNOWN,0.0,0.0,False,False,True,True,False,horizontal
9.159,0.0,0.0,0.0,0.0,0.0,0.0,0.0,0.0,0,0,0.0,0.0,nan,nan,nan,UNKNOWN,0.0,0.0,False,False,True,True,False,horizontal
9.209,0.0,0.0,0.0,0.0,0.0,0.0,0.0,0.0,0,0,0.0,0.0,nan,nan,nan,UNKNOWN,0.0,0.0,False,False,True,True,False,horizontal
9.259,0.0,0.0,0.0,0.0,0.0,0.0,0.0,0.0,0,0,0.0,0.0,nan,nan,nan,UNKNOWN,0.0,0.0,False,False,True,True,False,horizontal
9.309,0.0,0.0,0.0,0.0,0.0,0.0,0.0,0.0,0,0,0.0,0.0,nan,nan,nan,UNKNOWN,0.0,0.0,False,False,True,True,False,horizontal
9.359,0.0,0.0,0.0,0.0,0.0,0.0,0.0,0.0,0,0,0.0,0.0,nan,nan,nan,UNKNOWN,0.0,0.0,False,False,True,True,False,horizontal
9.409,0.0,0.0,0.0,0.0,0.0,0.0,0.0,0.0,0,0,0.0,0.0,nan,nan,nan,UNKNOWN,0.0,0.0,False,False,True,True,False,horizontal
9.459,0.0,0.0,0.0,0.0,0.0,0.0,0.0,0.0,0,0,0.0,0.0,nan,nan,nan,UNKNOWN,0.0,0.0,False,False,True,True,False,horizontal
9.509,0.0,0.0,0.0,0.0,0.0,0.0,0.0,0.0,0,0,0.0,0.0,nan,nan,nan,UNKNOWN,0.0,0.0,False,False,True,True,False,horizontal
9.559,0.0,0.0,0.0,0.0,0.0,0.0,0.0,0.0,0,0,0.0,0.0,nan,nan,nan,UNKNOWN,0.0,0.0,False,False,True,True,False,horizontal
9.609,0.0,0.0,0.0,0.0,0.0,0.0,0.0,0.0,0,0,0.0,0.0,nan,nan,nan,UNKNOWN,0.0,0.0,False,False,True,True,False,horizontal
9.659,0.0,0.0,0.0,0.0,0.0,0.0,0.0,0.0,0,0,0.0,0.0,nan,nan,nan,UNKNOWN,0.0,0.0,False,False,True,True,False,horizontal
9.709,0.0,0.0,0.0,0.0,0.0,0.0,0.0,0.0,0,0,0.0,0.0,nan,nan,nan,UNKNOWN,0.0,0.0,False,False,True,True,False,horizontal
9.759,0.0,0.0,0.0,0.0,0.0,0.0,0.0,0.0,0,0,0.0,0.0,nan,nan,nan,UNKNOWN,0.0,0.0,False,False,True,True,False,horizontal
9.809,0.0,0.0,0.0,0.0,0.0,0.0,0.0,0.0,0,0,0.0,0.0,nan,nan,nan,UNKNOWN,0.0,0.0,False,False,True,True,False,horizontal
9.859,0.0,0.0,0.0,0.0,0.0,0.0,0.0,0.0,0,0,0.0,0.0,nan,nan,nan,UNKNOWN,0.0,0.0,False,False,True,True,False,horizontal
9.909,0.0,0.0,0.0,0.0,0.0,0.0,0.0,0.0,0,0,0.0,0.0,nan,nan,nan,UNKNOWN,0.0,0.0,False,False,True,True,False,horizontal
9.959,0.0,0.0,0.0,0.0,0.0,0.0,0.0,0.0,0,0,0.0,0.0,nan,nan,nan,UNKNOWN,0.0,0.0,False,False,True,True,False,horizontal
10.009,0.0,0.0,0.0,0.0,0.0,0.0,0.0,0.0,0,0,0.0,0.0,nan,nan,nan,UNKNOWN,0.0,0.0,False,False,True,True,False,horizontal
10.059,0.0,0.0,0.0,0.0,0.0,0.0,0.0,0.0,0,0,0.0,0.0,nan,nan,nan,UNKNOWN,0.0,0.0,False,False,True,True,False,horizontal
10.111,0.0,0.0,0.0,0.0,0.0,0.0,0.0,0.0,0,0,0.0,0.0,nan,nan,nan,UNKNOWN,0.0,0.0,False,False,True,True,False,horizontal
10.159,0.0,0.0,0.0,0.0,0.0,0.0,0.0,0.0,0,0,0.0,0.0,nan,nan,nan,UNKNOWN,0.0,0.0,False,False,True,True,False,horizontal
10.209,0.0,0.0,0.0,0.0,0.0,0.0,0.0,0.0,0,0,0.0,0.0,nan,nan,nan,UNKNOWN,0.0,0.0,False,False,True,True,False,horizontal
10.259,0.0,0.0,0.0,0.0,0.0,0.0,0.0,0.0,0,0,0.0,0.0,nan,nan,nan,UNKNOWN,0.0,0.0,False,False,True,True,False,horizontal
10.309,0.0,0.0,0.0,0.0,0.0,0.0,0.0,0.0,0,0,0.0,0.0,nan,nan,nan,UNKNOWN,0.0,0.0,False,False,True,True,False,horizontal
10.359,0.0,0.0,0.0,0.0,0.0,0.0,0.0,0.0,0,0,0.0,0.0,nan,nan,nan,UNKNOWN,0.0,0.0,False,False,True,True,False,horizontal
10.409,0.0,0.0,0.0,0.0,0.0,0.0,0.0,0.0,0,0,0.0,0.0,nan,nan,nan,UNKNOWN,0.0,0.0,False,False,True,True,False,horizontal
10.459,0.0,0.0,0.0,0.0,0.0,0.0,0.0,0.0,0,0,0.0,0.0,nan,nan,nan,UNKNOWN,0.0,0.0,False,False,True,True,False,horizontal
10.509,0.0,0.0,0.0,0.0,0.0,0.0,0.0,0.0,0,0,0.0,0.0,nan,nan,nan,UNKNOWN,0.0,0.0,False,False,True,True,False,horizontal
10.559,0.0,0.0,0.0,0.0,0.0,0.0,0.0,0.0,0,0,0.0,0.0,nan,nan,nan,UNKNOWN,0.0,0.0,False,False,True,True,False,horizontal
10.609,0.0,0.0,0.0,0.0,0.0,0.0,0.0,0.0,0,0,0.0,0.0,nan,nan,nan,UNKNOWN,0.0,0.0,False,False,True,True,False,horizontal
10.659,0.0,0.0,0.0,0.0,0.0,0.0,0.0,0.0,0,0,0.0,0.0,nan,nan,nan,UNKNOWN,0.0,0.0,False,False,True,True,False,horizontal
10.709,0.0,0.0,0.0,0.0,0.0,0.0,0.0,0.0,0,0,0.0,0.0,nan,nan,nan,UNKNOWN,0.0,0.0,False,False,True,True,False,horizontal
10.759,0.0,0.0,0.0,0.0,0.0,0.0,0.0,0.0,0,0,0.0,0.0,nan,nan,nan,UNKNOWN,0.0,0.0,False,False,True,True,False,horizontal
10.809,0.0,0.0,0.0,0.0,0.0,0.0,0.0,0.0,0,0,0.0,0.0,nan,nan,nan,UNKNOWN,0.0,0.0,False,False,True,True,False,horizontal
10.859,0.0,0.0,0.0,0.0,0.0,0.0,0.0,0.0,0,0,0.0,0.0,nan,nan,nan,UNKNOWN,0.0,0.0,False,False,True,True,False,horizontal
10.909,0.0,0.0,0.0,0.0,0.0,0.0,0.0,0.0,0,0,0.0,0.0,nan,nan,nan,UNKNOWN,0.0,0.0,False,False,True,True,False,horizontal
10.959,0.0,0.0,0.0,0.0,0.0,0.0,0.0,0.0,0,0,0.0,0.0,nan,nan,nan,UNKNOWN,0.0,0.0,False,False,True,True,False,horizontal
11.009,0.0,0.0,0.0,0.0,0.0,0.0,0.0,0.0,0,0,0.0,0.0,nan,nan,nan,UNKNOWN,0.0,0.0,False,False,True,True,False,horizontal
11.059,0.0,0.0,0.0,0.0,0.0,0.0,0.0,0.0,0,0,0.0,0.0,nan,nan,nan,UNKNOWN,0.0,0.0,False,False,True,True,False,horizontal
11.111,0.0,0.0,0.0,0.0,0.0,0.0,0.0,0.0,0,0,0.0,0.0,nan,nan,nan,UNKNOWN,0.0,0.0,False,False,True,True,False,horizontal
11.159,0.0,0.0,0.0,0.0,0.0,0.0,0.0,0.0,0,0,0.0,0.0,nan,nan,nan,UNKNOWN,0.0,0.0,False,False,True,True,False,horizontal
11.209,0.0,0.0,0.0,0.0,0.0,0.0,0.0,0.0,0,0,0.0,0.0,nan,nan,nan,UNKNOWN,0.0,0.0,False,False,True,True,False,horizontal
11.259,0.0,0.0,0.0,0.0,0.0,0.0,0.0,0.0,0,0,0.0,0.0,nan,nan,nan,UNKNOWN,0.0,0.0,False,False,True,True,False,horizontal
11.309,0.0,0.0,0.0,0.0,0.0,0.0,0.0,0.0,0,0,0.0,0.0,nan,nan,nan,UNKNOWN,0.0,0.0,False,False,True,True,False,horizontal
11.359,0.0,0.0,0.0,0.0,0.0,0.0,0.0,0.0,0,0,0.0,0.0,nan,nan,nan,UNKNOWN,0.0,0.0,False,False,True,True,False,horizontal
11.409,0.0,0.0,0.0,0.0,0.0,0.0,0.0,0.0,0,0,0.0,0.0,nan,nan,nan,UNKNOWN,0.0,0.0,False,False,True,True,False,horizontal
11.459,0.0,0.0,0.0,0.0,0.0,0.0,0.0,0.0,0,0,0.0,0.0,nan,nan,nan,UNKNOWN,0.0,0.0,False,False,True,True,False,horizontal
11.509,0.0,0.0,0.0,0.0,0.0,0.0,0.0,0.0,0,0,0.0,0.0,nan,nan,nan,UNKNOWN,0.0,0.0,False,False,True,True,False,horizontal
11.559,0.0,0.0,0.0,0.0,0.0,0.0,0.0,0.0,0,0,0.0,0.0,nan,nan,nan,UNKNOWN,0.0,0.0,False,False,True,True,False,horizontal
11.609,0.0,0.0,0.0,0.0,0.0,0.0,0.0,0.0,0,0,0.0,0.0,nan,nan,nan,UNKNOWN,0.0,0.0,False,False,True,True,False,horizontal
11.659,0.0,0.0,0.0,0.0,0.0,0.0,0.0,0.0,0,0,0.0,0.0,nan,nan,nan,UNKNOWN,0.0,0.0,False,False,True,True,False,horizontal
11.709,0.0,0.0,0.0,0.0,0.0,0.0,0.0,0.0,0,0,0.0,0.0,nan,nan,nan,UNKNOWN,0.0,0.0,False,False,True,True,False,horizontal
11.759,0.0,0.0,0.0,0.0,0.0,0.0,0.0,0.0,0,0,0.0,0.0,nan,nan,nan,UNKNOWN,0.0,0.0,False,False,True,True,False,horizontal
11.809,0.0,0.0,0.0,0.0,0.0,0.0,0.0,0.0,0,0,0.0,0.0,nan,nan,nan,UNKNOWN,0.0,0.0,False,False,True,True,False,horizontal
11.859,0.0,0.0,0.0,0.0,0.0,0.0,0.0,0.0,0,0,0.0,0.0,nan,nan,nan,UNKNOWN,0.0,0.0,False,False,True,True,False,horizontal
11.909,0.0,0.0,0.0,0.0,0.0,0.0,0.0,0.0,0,0,0.0,0.0,nan,nan,nan,UNKNOWN,0.0,0.0,False,False,True,True,False,horizontal
11.959,0.0,0.0,0.0,0.0,0.0,0.0,0.0,0.0,0,0,0.0,0.0,nan,nan,nan,UNKNOWN,0.0,0.0,False,False,True,True,False,horizontal
12.009,0.0,0.0,0.0,0.0,0.0,0.0,0.0,0.0,0,0,0.0,0.0,nan,nan,nan,UNKNOWN,0.0,0.0,False,False,True,True,False,horizontal
12.059,0.0,0.0,0.0,0.0,0.0,0.0,0.0,0.0,0,0,0.0,0.0,nan,nan,nan,UNKNOWN,0.0,0.0,False,False,True,True,False,horizontal
12.111,0.0,0.0,0.0,0.0,0.0,0.0,0.0,0.0,0,0,0.0,0.0,nan,nan,nan,UNKNOWN,0.0,0.0,False,False,True,True,False,horizontal
12.159,0.0,0.0,0.0,0.0,0.0,0.0,0.0,0.0,0,0,0.0,0.0,nan,nan,nan,UNKNOWN,0.0,0.0,False,False,True,True,False,horizontal
12.209,0.0,0.0,0.0,0.0,0.0,0.0,0.0,0.0,0,0,0.0,0.0,nan,nan,nan,UNKNOWN,0.0,0.0,False,False,True,True,False,horizontal
12.259,0.0,0.0,0.0,0.0,0.0,0.0,0.0,0.0,0,0,0.0,0.0,nan,nan,nan,UNKNOWN,0.0,0.0,False,False,True,True,False,horizontal
12.309,0.0,0.0,0.0,0.0,0.0,0.0,0.0,0.0,0,0,0.0,0.0,nan,nan,nan,UNKNOWN,0.0,0.0,False,False,True,True,False,horizontal
12.359,0.0,0.0,0.0,0.0,0.0,0.0,0.0,0.0,0,0,0.0,0.0,nan,nan,nan,UNKNOWN,0.0,0.0,False,False,True,True,False,horizontal
12.409,0.0,0.0,0.0,0.0,0.0,0.0,0.0,0.0,0,0,0.0,0.0,nan,nan,nan,UNKNOWN,0.0,0.0,False,False,True,True,False,horizontal
12.459,0.0,0.0,0.0,0.0,0.0,0.0,0.0,0.0,0,0,0.0,0.0,nan,nan,nan,UNKNOWN,0.0,0.0,False,False,True,True,False,horizontal
12.509,0.0,0.0,0.0,0.0,0.0,0.0,0.0,0.0,0,0,0.0,0.0,nan,nan,nan,UNKNOWN,0.0,0.0,False,False,True,True,False,horizontal
12.559,0.0,0.0,0.0,0.0,0.0,0.0,0.0,0.0,0,0,0.0,0.0,nan,nan,nan,UNKNOWN,0.0,0.0,False,False,True,True,False,horizontal
12.609,0.0,0.0,0.0,0.0,0.0,0.0,0.0,0.0,0,0,0.0,0.0,nan,nan,nan,UNKNOWN,0.0,0.0,False,False,True,True,False,horizontal
12.659,0.0,0.0,0.0,0.0,0.0,0.0,0.0,0.0,0,0,0.0,0.0,nan,nan,nan,UNKNOWN,0.0,0.0,False,False,True,True,False,horizontal
12.709,0.0,0.0,0.0,0.0,0.0,0.0,0.0,0.0,0,0,0.0,0.0,nan,nan,nan,UNKNOWN,0.0,0.0,False,False,True,True,False,horizontal
12.759,0.0,0.0,0.0,0.0,0.0,0.0,0.0,0.0,0,0,0.0,0.0,nan,nan,nan,UNKNOWN,0.0,0.0,False,False,True,True,False,horizontal
12.809,0.0,0.0,0.0,0.0,0.0,0.0,0.0,0.0,0,0,0.0,0.0,nan,nan,nan,UNKNOWN,0.0,0.0,False,False,True,True,False,horizontal
12.859,0.0,0.0,0.0,0.0,0.0,0.0,0.0,0.0,0,0,0.0,0.0,nan,nan,nan,UNKNOWN,0.0,0.0,False,False,True,True,False,horizontal
12.909,0.0,0.0,0.0,0.0,0.0,0.0,0.0,0.0,0,0,0.0,0.0,nan,nan,nan,UNKNOWN,0.0,0.0,False,False,True,True,False,horizontal
12.959,0.0,0.0,0.0,0.0,0.0,0.0,0.0,0.0,0,0,0.0,0.0,nan,nan,nan,UNKNOWN,0.0,0.0,False,False,True,True,False,horizontal
13.009,0.0,0.0,0.0,0.0,0.0,0.0,0.0,0.0,0,0,0.0,0.0,nan,nan,nan,UNKNOWN,0.0,0.0,False,False,True,True,False,horizontal
13.059,0.0,0.0,0.0,0.0,0.0,0.0,0.0,0.0,0,0,0.0,0.0,nan,nan,nan,UNKNOWN,0.0,0.0,False,False,True,True,False,horizontal
13.111,0.0,0.0,0.0,0.0,0.0,0.0,0.0,0.0,0,0,0.0,0.0,nan,nan,nan,UNKNOWN,0.0,0.0,False,False,True,True,False,horizontal
13.159,0.0,0.0,0.0,0.0,0.0,0.0,0.0,0.0,0,0,0.0,0.0,nan,nan,nan,UNKNOWN,0.0,0.0,False,False,True,True,False,horizontal
13.209,0.0,0.0,0.0,0.0,0.0,0.0,0.0,0.0,0,0,0.0,0.0,nan,nan,nan,UNKNOWN,0.0,0.0,False,False,True,True,False,horizontal
13.259,0.0,0.0,0.0,0.0,0.0,0.0,0.0,0.0,0,0,0.0,0.0,nan,nan,nan,UNKNOWN,0.0,0.0,False,False,True,True,False,horizontal
13.309,0.0,0.0,0.0,0.0,0.0,0.0,0.0,0.0,0,0,0.0,0.0,nan,nan,nan,UNKNOWN,0.0,0.0,False,False,True,True,False,horizontal
13.359,0.0,0.0,0.0,0.0,0.0,0.0,0.0,0.0,0,0,0.0,0.0,nan,nan,nan,UNKNOWN,0.0,0.0,False,False,True,True,False,horizontal
13.409,0.0,0.0,0.0,0.0,0.0,0.0,0.0,0.0,0,0,0.0,0.0,nan,nan,nan,UNKNOWN,0.0,0.0,False,False,True,True,False,horizontal
13.459,0.0,0.0,0.0,0.0,0.0,0.0,0.0,0.0,0,0,0.0,0.0,nan,nan,nan,UNKNOWN,0.0,0.0,False,False,True,True,False,horizontal
13.509,0.0,0.0,0.0,0.0,0.0,0.0,0.0,0.0,0,0,0.0,0.0,nan,nan,nan,UNKNOWN,0.0,0.0,False,False,True,True,False,horizontal
13.559,0.0,0.0,0.0,0.0,0.0,0.0,0.0,0.0,0,0,0.0,0.0,nan,nan,nan,UNKNOWN,0.0,0.0,False,False,True,True,False,horizontal
13.609,0.0,0.0,0.0,0.0,0.0,0.0,0.0,0.0,0,0,0.0,0.0,nan,nan,nan,UNKNOWN,0.0,0.0,False,False,True,True,False,horizontal
13.659,0.0,0.0,0.0,0.0,0.0,0.0,0.0,0.0,0,0,0.0,0.0,nan,nan,nan,UNKNOWN,0.0,0.0,False,False,True,True,False,horizontal
13.709,0.0,0.0,0.0,0.0,0.0,0.0,0.0,0.0,0,0,0.0,0.0,nan,nan,nan,UNKNOWN,0.0,0.0,False,False,True,True,False,horizontal
13.759,0.0,0.0,0.0,0.0,0.0,0.0,0.0,0.0,0,0,0.0,0.0,nan,nan,nan,UNKNOWN,0.0,0.0,False,False,True,True,False,horizontal
13.809,0.0,0.0,0.0,0.0,0.0,0.0,0.0,0.0,0,0,0.0,0.0,nan,nan,nan,UNKNOWN,0.0,0.0,False,False,True,True,False,horizontal
13.859,0.0,0.0,0.0,0.0,0.0,0.0,0.0,0.0,0,0,0.0,0.0,nan,nan,nan,UNKNOWN,0.0,0.0,False,False,True,True,False,horizontal
13.909,0.0,0.0,0.0,0.0,0.0,0.0,0.0,0.0,0,0,0.0,0.0,nan,nan,nan,UNKNOWN,0.0,0.0,False,False,True,True,False,horizontal
13.959,0.0,0.0,0.0,0.0,0.0,0.0,0.0,0.0,0,0,0.0,0.0,nan,nan,nan,UNKNOWN,0.0,0.0,False,False,True,True,False,horizontal
14.009,0.0,0.0,0.0,0.0,0.0,0.0,0.0,0.0,0,0,0.0,0.0,nan,nan,nan,UNKNOWN,0.0,0.0,False,False,True,True,False,horizontal
14.059,0.0,0.0,0.0,0.0,0.0,0.0,0.0,0.0,0,0,0.0,0.0,nan,nan,nan,UNKNOWN,0.0,0.0,False,False,True,True,False,horizontal
14.111,0.0,0.0,0.0,0.0,0.0,0.0,0.0,0.0,0,0,0.0,0.0,nan,nan,nan,UNKNOWN,0.0,0.0,False,False,True,True,False,horizontal
14.159,0.0,0.0,0.0,0.0,0.0,0.0,0.0,0.0,0,0,0.0,0.0,nan,nan,nan,UNKNOWN,0.0,0.0,False,False,True,True,False,horizontal
14.209,0.0,0.0,0.0,0.0,0.0,0.0,0.0,0.0,0,0,0.0,0.0,nan,nan,nan,UNKNOWN,0.0,0.0,False,False,True,True,False,horizontal
14.259,0.0,0.0,0.0,0.0,0.0,0.0,0.0,0.0,0,0,0.0,0.0,nan,nan,nan,UNKNOWN,0.0,0.0,False,False,True,True,False,horizontal
14.309,0.0,0.0,0.0,0.0,0.0,0.0,0.0,0.0,0,0,0.0,0.0,nan,nan,nan,UNKNOWN,0.0,0.0,False,False,True,True,False,horizontal
14.359,0.0,0.0,0.0,0.0,0.0,0.0,0.0,0.0,0,0,0.0,0.0,nan,nan,nan,UNKNOWN,0.0,0.0,False,False,True,True,False,horizontal
14.409,0.0,0.0,0.0,0.0,0.0,0.0,0.0,0.0,0,0,0.0,0.0,nan,nan,nan,UNKNOWN,0.0,0.0,False,False,True,True,False,horizontal
14.459,0.0,0.0,0.0,0.0,0.0,0.0,0.0,0.0,0,0,0.0,0.0,nan,nan,nan,UNKNOWN,0.0,0.0,False,False,True,True,False,horizontal
14.509,0.0,0.0,0.0,0.0,0.0,0.0,0.0,0.0,0,0,0.0,0.0,nan,nan,nan,UNKNOWN,0.0,0.0,False,False,True,True,False,horizontal
14.559,0.0,0.0,0.0,0.0,0.0,0.0,0.0,0.0,0,0,0.0,0.0,nan,nan,nan,UNKNOWN,0.0,0.0,False,False,True,True,False,horizontal
14.609,0.0,0.0,0.0,0.0,0.0,0.0,0.0,0.0,0,0,0.0,0.0,nan,nan,nan,UNKNOWN,0.0,0.0,False,False,True,True,False,horizontal
14.659,0.0,0.0,0.0,0.0,0.0,0.0,0.0,0.0,0,0,0.0,0.0,nan,nan,nan,UNKNOWN,0.0,0.0,False,False,True,True,False,horizontal
14.709,0.0,0.0,0.0,0.0,0.0,0.0,0.0,0.0,0,0,0.0,0.0,nan,nan,nan,UNKNOWN,0.0,0.0,False,False,True,True,False,horizontal
14.759,0.0,0.0,0.0,0.0,0.0,0.0,0.0,0.0,0,0,0.0,0.0,nan,nan,nan,UNKNOWN,0.0,0.0,False,False,True,True,False,horizontal
14.809,0.0,0.0,0.0,0.0,0.0,0.0,0.0,0.0,0,0,0.0,0.0,nan,nan,nan,UNKNOWN,0.0,0.0,False,False,True,True,False,horizontal
14.859,0.0,0.0,0.0,0.0,0.0,0.0,0.0,0.0,0,0,0.0,0.0,nan,nan,nan,UNKNOWN,0.0,0.0,False,False,True,True,False,horizontal
14.909,0.0,0.0,0.0,0.0,0.0,0.0,0.0,0.0,0,0,0.0,0.0,nan,nan,nan,UNKNOWN,0.0,0.0,False,False,True,True,False,horizontal
14.959,0.0,0.0,0.0,0.0,0.0,0.0,0.0,0.0,0,0,0.0,0.0,nan,nan,nan,UNKNOWN,0.0,0.0,False,False,True,True,False,horizontal
15.009,0.0,0.0,0.0,0.0,0.0,0.0,0.0,0.0,0,0,0.0,0.0,nan,nan,nan,UNKNOWN,0.0,0.0,False,False,True,True,False,horizontal
15.059,0.0,0.0,0.0,0.0,0.0,0.0,0.0,0.0,0,0,0.0,0.0,nan,nan,nan,UNKNOWN,0.0,0.0,False,False,True,True,False,horizontal
15.111,0.0,0.0,0.0,0.0,0.0,0.0,0.0,0.0,0,0,0.0,0.0,nan,nan,nan,UNKNOWN,0.0,0.0,False,False,True,True,False,horizontal
15.159,0.0,0.0,0.0,0.0,0.0,0.0,0.0,0.0,0,0,0.0,0.0,nan,nan,nan,UNKNOWN,0.0,0.0,False,False,True,True,False,horizontal
15.209,0.0,0.0,0.0,0.0,0.0,0.0,0.0,0.0,0,0,0.0,0.0,nan,nan,nan,UNKNOWN,0.0,0.0,False,False,True,True,False,horizontal
15.259,0.0,0.0,0.0,0.0,0.0,0.0,0.0,0.0,0,0,0.0,0.0,nan,nan,nan,UNKNOWN,0.0,0.0,False,False,True,True,False,horizontal
15.309,0.0,0.0,0.0,0.0,0.0,0.0,0.0,0.0,0,0,0.0,0.0,nan,nan,nan,UNKNOWN,0.0,0.0,False,False,True,True,False,horizontal
15.359,0.0,0.0,0.0,0.0,0.0,0.0,0.0,0.0,0,0,0.0,0.0,nan,nan,nan,UNKNOWN,0.0,0.0,False,False,True,True,False,horizontal
15.409,0.0,0.0,0.0,0.0,0.0,0.0,0.0,0.0,0,0,0.0,0.0,nan,nan,nan,UNKNOWN,0.0,0.0,False,False,True,True,False,horizontal
15.459,0.0,0.0,0.0,0.0,0.0,0.0,0.0,0.0,0,0,0.0,0.0,nan,nan,nan,UNKNOWN,0.0,0.0,False,False,True,True,False,horizontal
15.509,0.0,0.0,0.0,0.0,0.0,0.0,0.0,0.0,0,0,0.0,0.0,nan,nan,nan,UNKNOWN,0.0,0.0,False,False,True,True,False,horizontal
15.559,0.0,0.0,0.0,0.0,0.0,0.0,0.0,0.0,0,0,0.0,0.0,nan,nan,nan,UNKNOWN,0.0,0.0,False,False,True,True,False,horizontal
15.609,0.0,0.0,0.0,0.0,0.0,0.0,0.0,0.0,0,0,0.0,0.0,nan,nan,nan,UNKNOWN,0.0,0.0,False,False,True,True,False,horizontal
15.659,0.0,0.0,0.0,0.0,0.0,0.0,0.0,0.0,0,0,0.0,0.0,nan,nan,nan,UNKNOWN,0.0,0.0,False,False,True,True,False,horizontal
15.709,0.0,0.0,0.0,0.0,0.0,0.0,0.0,0.0,0,0,0.0,0.0,nan,nan,nan,UNKNOWN,0.0,0.0,False,False,True,True,False,horizontal
15.759,0.0,0.0,0.0,0.0,0.0,0.0,0.0,0.0,0,0,0.0,0.0,nan,nan,nan,UNKNOWN,0.0,0.0,False,False,True,True,False,horizontal
15.809,0.0,0.0,0.0,0.0,0.0,0.0,0.0,0.0,0,0,0.0,0.0,nan,nan,nan,UNKNOWN,0.0,0.0,False,False,True,True,False,horizontal
15.859,0.0,0.0,0.0,0.0,0.0,0.0,0.0,0.0,0,0,0.0,0.0,nan,nan,nan,UNKNOWN,0.0,0.0,False,False,True,True,False,horizontal
15.909,0.0,0.0,0.0,0.0,0.0,0.0,0.0,0.0,0,0,0.0,0.0,nan,nan,nan,UNKNOWN,0.0,0.0,False,False,True,True,False,horizontal
15.959,0.0,0.0,0.0,0.0,0.0,0.0,0.0,0.0,0,0,0.0,0.0,nan,nan,nan,UNKNOWN,0.0,0.0,False,False,True,True,False,horizontal
16.009,0.0,0.0,0.0,0.0,0.0,0.0,0.0,0.0,0,0,0.0,0.0,nan,nan,nan,UNKNOWN,0.0,0.0,False,False,True,True,False,horizontal
16.059,0.0,0.0,0.0,0.0,0.0,0.0,0.0,0.0,0,0,0.0,0.0,nan,nan,nan,UNKNOWN,0.0,0.0,False,False,True,True,False,horizontal
16.111,0.0,0.0,0.0,0.0,0.0,0.0,0.0,0.0,0,0,0.0,0.0,nan,nan,nan,UNKNOWN,0.0,0.0,False,False,True,True,False,horizontal
16.159,0.0,0.0,0.0,0.0,0.0,0.0,0.0,0.0,0,0,0.0,0.0,nan,nan,nan,UNKNOWN,0.0,0.0,False,False,True,True,False,horizontal
16.209,0.0,0.0,0.0,0.0,0.0,0.0,0.0,0.0,0,0,0.0,0.0,nan,nan,nan,UNKNOWN,0.0,0.0,False,False,True,True,False,horizontal
16.259,0.0,0.0,0.0,0.0,0.0,0.0,0.0,0.0,0,0,0.0,0.0,nan,nan,nan,UNKNOWN,0.0,0.0,False,False,True,True,False,horizontal
16.309,0.0,0.0,0.0,0.0,0.0,0.0,0.0,0.0,0,0,0.0,0.0,nan,nan,nan,UNKNOWN,0.0,0.0,False,False,True,True,False,horizontal
16.359,0.0,0.0,0.0,0.0,0.0,0.0,0.0,0.0,0,0,0.0,0.0,nan,nan,nan,UNKNOWN,0.0,0.0,False,False,True,True,False,horizontal
16.409,0.0,0.0,0.0,0.0,0.0,0.0,0.0,0.0,0,0,0.0,0.0,nan,nan,nan,UNKNOWN,0.0,0.0,False,False,True,True,False,horizontal
16.459,0.0,0.0,0.0,0.0,0.0,0.0,0.0,0.0,0,0,0.0,0.0,nan,nan,nan,UNKNOWN,0.0,0.0,False,False,True,True,False,horizontal
16.509,0.0,0.0,0.0,0.0,0.0,0.0,0.0,0.0,0,0,0.0,0.0,nan,nan,nan,UNKNOWN,0.0,0.0,False,False,True,True,False,horizontal
16.559,0.0,0.0,0.0,0.0,0.0,0.0,0.0,0.0,0,0,0.0,0.0,nan,nan,nan,UNKNOWN,0.0,0.0,False,False,True,True,False,horizontal
16.609,0.0,0.0,0.0,0.0,0.0,0.0,0.0,0.0,0,0,0.0,0.0,nan,nan,nan,UNKNOWN,0.0,0.0,False,False,True,True,False,horizontal
16.659,0.0,0.0,0.0,0.0,0.0,0.0,0.0,0.0,0,0,0.0,0.0,nan,nan,nan,UNKNOWN,0.0,0.0,False,False,True,True,False,horizontal
16.709,0.0,0.0,0.0,0.0,0.0,0.0,0.0,0.0,0,0,0.0,0.0,nan,nan,nan,UNKNOWN,0.0,0.0,False,False,True,True,False,horizontal
16.759,0.0,0.0,0.0,0.0,0.0,0.0,0.0,0.0,0,0,0.0,0.0,nan,nan,nan,UNKNOWN,0.0,0.0,False,False,True,True,False,horizontal
16.809,0.0,0.0,0.0,0.0,0.0,0.0,0.0,0.0,0,0,0.0,0.0,nan,nan,nan,UNKNOWN,0.0,0.0,False,False,True,True,False,horizontal
16.859,0.0,0.0,0.0,0.0,0.0,0.0,0.0,0.0,0,0,0.0,0.0,nan,nan,nan,UNKNOWN,0.0,0.0,False,False,True,True,False,horizontal
16.909,0.0,0.0,0.0,0.0,0.0,0.0,0.0,0.0,0,0,0.0,0.0,nan,nan,nan,UNKNOWN,0.0,0.0,False,False,True,True,False,horizontal
16.959,0.0,0.0,0.0,0.0,0.0,0.0,0.0,0.0,0,0,0.0,0.0,nan,nan,nan,UNKNOWN,0.0,0.0,False,False,True,True,False,horizontal
17.009,0.0,0.0,0.0,0.0,0.0,0.0,0.0,0.0,0,0,0.0,0.0,nan,nan,nan,UNKNOWN,0.0,0.0,False,False,True,True,False,horizontal
17.059,0.0,0.0,0.0,0.0,0.0,0.0,0.0,0.0,0,0,0.0,0.0,nan,nan,nan,UNKNOWN,0.0,0.0,False,False,True,True,False,horizontal
17.111,0.0,0.0,0.0,0.0,0.0,0.0,0.0,0.0,0,0,0.0,0.0,nan,nan,nan,UNKNOWN,0.0,0.0,False,False,True,True,False,horizontal
17.159,0.0,0.0,0.0,0.0,0.0,0.0,0.0,0.0,0,0,0.0,0.0,nan,nan,nan,UNKNOWN,0.0,0.0,False,False,True,True,False,horizontal
17.209,0.0,0.0,0.0,0.0,0.0,0.0,0.0,0.0,0,0,0.0,0.0,nan,nan,nan,UNKNOWN,0.0,0.0,False,False,True,True,False,horizontal
17.259,0.0,0.0,0.0,0.0,0.0,0.0,0.0,0.0,0,0,0.0,0.0,nan,nan,nan,UNKNOWN,0.0,0.0,False,False,True,True,False,horizontal
17.309,0.0,0.0,0.0,0.0,0.0,0.0,0.0,0.0,0,0,0.0,0.0,nan,nan,nan,UNKNOWN,0.0,0.0,False,False,True,True,False,horizontal
17.359,0.0,0.0,0.0,0.0,0.0,0.0,0.0,0.0,0,0,0.0,0.0,nan,nan,nan,UNKNOWN,0.0,0.0,False,False,True,True,False,horizontal
17.409,0.0,0.0,0.0,0.0,0.0,0.0,0.0,0.0,0,0,0.0,0.0,nan,nan,nan,UNKNOWN,0.0,0.0,False,False,True,True,False,horizontal
17.459,0.0,0.0,0.0,0.0,0.0,0.0,0.0,0.0,0,0,0.0,0.0,nan,nan,nan,UNKNOWN,0.0,0.0,False,False,True,True,False,horizontal
17.509,0.0,0.0,0.0,0.0,0.0,0.0,0.0,0.0,0,0,0.0,0.0,nan,nan,nan,UNKNOWN,0.0,0.0,False,False,True,True,False,horizontal
17.559,0.0,0.0,0.0,0.0,0.0,0.0,0.0,0.0,0,0,0.0,0.0,nan,nan,nan,UNKNOWN,0.0,0.0,False,False,True,True,False,horizontal
17.609,0.0,0.0,0.0,0.0,0.0,0.0,0.0,0.0,0,0,0.0,0.0,nan,nan,nan,UNKNOWN,0.0,0.0,False,False,True,True,False,horizontal
17.659,0.0,0.0,0.0,0.0,0.0,0.0,0.0,0.0,0,0,0.0,0.0,nan,nan,nan,UNKNOWN,0.0,0.0,False,False,True,True,False,horizontal
17.709,0.0,0.0,0.0,0.0,0.0,0.0,0.0,0.0,0,0,0.0,0.0,nan,nan,nan,UNKNOWN,0.0,0.0,False,False,True,True,False,horizontal
17.759,0.0,0.0,0.0,0.0,0.0,0.0,0.0,0.0,0,0,0.0,0.0,nan,nan,nan,UNKNOWN,0.0,0.0,False,False,True,True,False,horizontal
17.809,0.0,0.0,0.0,0.0,0.0,0.0,0.0,0.0,0,0,0.0,0.0,nan,nan,nan,UNKNOWN,0.0,0.0,False,False,True,True,False,horizontal
17.859,0.0,0.0,0.0,0.0,0.0,0.0,0.0,0.0,0,0,0.0,0.0,nan,nan,nan,UNKNOWN,0.0,0.0,False,False,True,True,False,horizontal
17.909,0.0,0.0,0.0,0.0,0.0,0.0,0.0,0.0,0,0,0.0,0.0,nan,nan,nan,UNKNOWN,0.0,0.0,False,False,True,True,False,horizontal
17.959,0.0,0.0,0.0,0.0,0.0,0.0,0.0,0.0,0,0,0.0,0.0,nan,nan,nan,UNKNOWN,0.0,0.0,False,False,True,True,False,horizontal
18.009,0.0,0.0,0.0,0.0,0.0,0.0,0.0,0.0,0,0,0.0,0.0,nan,nan,nan,UNKNOWN,0.0,0.0,False,False,True,True,False,horizontal
18.059,0.0,0.0,0.0,0.0,0.0,0.0,0.0,0.0,0,0,0.0,0.0,nan,nan,nan,UNKNOWN,0.0,0.0,False,False,True,True,False,horizontal
18.111,0.0,0.0,0.0,0.0,0.0,0.0,0.0,0.0,0,0,0.0,0.0,nan,nan,nan,UNKNOWN,0.0,0.0,False,False,True,True,False,horizontal
18.159,0.0,0.0,0.0,0.0,0.0,0.0,0.0,0.0,0,0,0.0,0.0,nan,nan,nan,UNKNOWN,0.0,0.0,False,False,True,True,False,horizontal
18.209,0.0,0.0,0.0,0.0,0.0,0.0,0.0,0.0,0,0,0.0,0.0,nan,nan,nan,UNKNOWN,0.0,0.0,False,False,True,True,False,horizontal
18.259,0.0,0.0,0.0,0.0,0.0,0.0,0.0,0.0,0,0,0.0,0.0,nan,nan,nan,UNKNOWN,0.0,0.0,False,False,True,True,False,horizontal
18.309,0.0,0.0,0.0,0.0,0.0,0.0,0.0,0.0,0,0,0.0,0.0,nan,nan,nan,UNKNOWN,0.0,0.0,False,False,True,True,False,horizontal
18.359,0.0,0.0,0.0,0.0,0.0,0.0,0.0,0.0,0,0,0.0,0.0,nan,nan,nan,UNKNOWN,0.0,0.0,False,False,True,True,False,horizontal
18.409,0.0,0.0,0.0,0.0,0.0,0.0,0.0,0.0,0,0,0.0,0.0,nan,nan,nan,UNKNOWN,0.0,0.0,False,False,True,True,False,horizontal
18.459,0.0,0.0,0.0,0.0,0.0,0.0,0.0,0.0,0,0,0.0,0.0,nan,nan,nan,UNKNOWN,0.0,0.0,False,False,True,True,False,horizontal
18.509,0.0,0.0,0.0,0.0,0.0,0.0,0.0,0.0,0,0,0.0,0.0,nan,nan,nan,UNKNOWN,0.0,0.0,False,False,True,True,False,horizontal
18.559,0.0,0.0,0.0,0.0,0.0,0.0,0.0,0.0,0,0,0.0,0.0,nan,nan,nan,UNKNOWN,0.0,0.0,False,False,True,True,False,horizontal
18.609,0.0,0.0,0.0,0.0,0.0,0.0,0.0,0.0,0,0,0.0,0.0,nan,nan,nan,UNKNOWN,0.0,0.0,False,False,True,True,False,horizontal
18.659,0.0,0.0,0.0,0.0,0.0,0.0,0.0,0.0,0,0,0.0,0.0,nan,nan,nan,UNKNOWN,0.0,0.0,False,False,True,True,False,horizontal
18.709,0.0,0.0,0.0,0.0,0.0,0.0,0.0,0.0,0,0,0.0,0.0,nan,nan,nan,UNKNOWN,0.0,0.0,False,False,True,True,False,horizontal
18.759,0.0,0.0,0.0,0.0,0.0,0.0,0.0,0.0,0,0,0.0,0.0,nan,nan,nan,UNKNOWN,0.0,0.0,False,False,True,True,False,horizontal
18.809,0.0,0.0,0.0,0.0,0.0,0.0,0.0,0.0,0,0,0.0,0.0,nan,nan,nan,UNKNOWN,0.0,0.0,False,False,True,True,False,horizontal
18.859,0.0,0.0,0.0,0.0,0.0,0.0,0.0,0.0,0,0,0.0,0.0,nan,nan,nan,UNKNOWN,0.0,0.0,False,False,True,True,False,horizontal
18.909,0.0,0.0,0.0,0.0,0.0,0.0,0.0,0.0,0,0,0.0,0.0,nan,nan,nan,UNKNOWN,0.0,0.0,False,False,True,True,False,horizontal
18.959,0.0,0.0,0.0,0.0,0.0,0.0,0.0,0.0,0,0,0.0,0.0,nan,nan,nan,UNKNOWN,0.0,0.0,False,False,True,True,False,horizontal
19.009,0.0,0.0,0.0,0.0,0.0,0.0,0.0,0.0,0,0,0.0,0.0,nan,nan,nan,UNKNOWN,0.0,0.0,False,False,True,True,False,horizontal
19.059,0.0,0.0,0.0,0.0,0.0,0.0,0.0,0.0,0,0,0.0,0.0,nan,nan,nan,UNKNOWN,0.0,0.0,False,False,True,True,False,horizontal
19.111,0.0,0.0,0.0,0.0,0.0,0.0,0.0,0.0,0,0,0.0,0.0,nan,nan,nan,UNKNOWN,0.0,0.0,False,False,True,True,False,horizontal
19.159,0.0,0.0,0.0,0.0,0.0,0.0,0.0,0.0,0,0,0.0,0.0,nan,nan,nan,UNKNOWN,0.0,0.0,False,False,True,True,False,horizontal
19.209,0.0,0.0,0.0,0.0,0.0,0.0,0.0,0.0,0,0,0.0,0.0,nan,nan,nan,UNKNOWN,0.0,0.0,False,False,True,True,False,horizontal
19.259,0.0,0.0,0.0,0.0,0.0,0.0,0.0,0.0,0,0,0.0,0.0,nan,nan,nan,UNKNOWN,0.0,0.0,False,False,True,True,False,horizontal
19.309,0.0,0.0,0.0,0.0,0.0,0.0,0.0,0.0,0,0,0.0,0.0,nan,nan,nan,UNKNOWN,0.0,0.0,False,False,True,True,False,horizontal
19.359,0.0,0.0,0.0,0.0,0.0,0.0,0.0,0.0,0,0,0.0,0.0,nan,nan,nan,UNKNOWN,0.0,0.0,False,False,True,True,False,horizontal
19.409,0.0,0.0,0.0,0.0,0.0,0.0,0.0,0.0,0,0,0.0,0.0,nan,nan,nan,UNKNOWN,0.0,0.0,False,False,True,True,False,horizontal
19.459,0.0,0.0,0.0,0.0,0.0,0.0,0.0,0.0,0,0,0.0,0.0,nan,nan,nan,UNKNOWN,0.0,0.0,False,False,True,True,False,horizontal
19.509,0.0,0.0,0.0,0.0,0.0,0.0,0.0,0.0,0,0,0.0,0.0,nan,nan,nan,UNKNOWN,0.0,0.0,False,False,True,True,False,horizontal
19.559,0.0,0.0,0.0,0.0,0.0,0.0,0.0,0.0,0,0,0.0,0.0,nan,nan,nan,UNKNOWN,0.0,0.0,False,False,True,True,False,horizontal
19.609,0.0,0.0,0.0,0.0,0.0,0.0,0.0,0.0,0,0,0.0,0.0,nan,nan,nan,UNKNOWN,0.0,0.0,False,False,True,True,False,horizontal
19.659,0.0,0.0,0.0,0.0,0.0,0.0,0.0,0.0,0,0,0.0,0.0,nan,nan,nan,UNKNOWN,0.0,0.0,False,False,True,True,False,horizontal
19.709,0.0,0.0,0.0,0.0,0.0,0.0,0.0,0.0,0,0,0.0,0.0,nan,nan,nan,UNKNOWN,0.0,0.0,False,False,True,True,False,horizontal
19.759,0.0,0.0,0.0,0.0,0.0,0.0,0.0,0.0,0,0,0.0,0.0,nan,nan,nan,UNKNOWN,0.0,0.0,False,False,True,True,False,horizontal
19.809,0.0,0.0,0.0,0.0,0.0,0.0,0.0,0.0,0,0,0.0,0.0,nan,nan,nan,UNKNOWN,0.0,0.0,False,False,True,True,False,horizontal
19.859,0.0,0.0,0.0,0.0,0.0,0.0,0.0,0.0,0,0,0.0,0.0,nan,nan,nan,UNKNOWN,0.0,0.0,False,False,True,True,False,horizontal
19.909,0.0,0.0,0.0,0.0,0.0,0.0,0.0,0.0,0,0,0.0,0.0,nan,nan,nan,UNKNOWN,0.0,0.0,False,False,True,True,False,horizontal
19.959,0.0,0.0,0.0,0.0,0.0,0.0,0.0,0.0,0,0,0.0,0.0,nan,nan,nan,UNKNOWN,0.0,0.0,False,False,True,True,False,horizontal
20.009,0.0,0.0,0.0,0.0,0.0,0.0,0.0,0.0,0,0,0.0,0.0,nan,nan,nan,UNKNOWN,0.0,0.0,False,False,True,True,False,horizontal
20.059,0.0,0.0,0.0,0.0,0.0,0.0,0.0,0.0,0,0,0.0,0.0,nan,nan,nan,UNKNOWN,0.0,0.0,False,False,True,True,False,horizontal
20.111,0.0,0.0,0.0,0.0,0.0,0.0,0.0,0.0,0,0,0.0,0.0,nan,nan,nan,UNKNOWN,0.0,0.0,False,False,True,True,False,horizontal
20.159,0.0,0.0,0.0,0.0,0.0,0.0,0.0,0.0,0,0,0.0,0.0,nan,nan,nan,UNKNOWN,0.0,0.0,False,False,True,True,False,horizontal
20.209,0.0,0.0,0.0,0.0,0.0,0.0,0.0,0.0,0,0,0.0,0.0,nan,nan,nan,UNKNOWN,0.0,0.0,False,False,True,True,False,horizontal
20.259,0.0,0.0,0.0,0.0,0.0,0.0,0.0,0.0,0,0,0.0,0.0,nan,nan,nan,UNKNOWN,0.0,0.0,False,False,True,True,False,horizontal
20.309,0.0,0.0,0.0,0.0,0.0,0.0,0.0,0.0,0,0,0.0,0.0,nan,nan,nan,UNKNOWN,0.0,0.0,False,False,True,True,False,horizontal
20.359,0.0,0.0,0.0,0.0,0.0,0.0,0.0,0.0,0,0,0.0,0.0,nan,nan,nan,UNKNOWN,0.0,0.0,False,False,True,True,False,horizontal
20.409,0.0,0.0,0.0,0.0,0.0,0.0,0.0,0.0,0,0,0.0,0.0,nan,nan,nan,UNKNOWN,0.0,0.0,False,False,True,True,False,horizontal
20.459,0.0,0.0,0.0,0.0,0.0,0.0,0.0,0.0,0,0,0.0,0.0,nan,nan,nan,UNKNOWN,0.0,0.0,False,False,True,True,False,horizontal
20.509,0.0,0.0,0.0,0.0,0.0,0.0,0.0,0.0,0,0,0.0,0.0,nan,nan,nan,UNKNOWN,0.0,0.0,False,False,True,True,False,horizontal
20.559,0.0,0.0,0.0,0.0,0.0,0.0,0.0,0.0,0,0,0.0,0.0,nan,nan,nan,UNKNOWN,0.0,0.0,False,False,True,True,False,horizontal
20.609,0.0,0.0,0.0,0.0,0.0,0.0,0.0,0.0,0,0,0.0,0.0,nan,nan,nan,UNKNOWN,0.0,0.0,False,False,True,True,False,horizontal
20.659,0.0,0.0,0.0,0.0,0.0,0.0,0.0,0.0,0,0,0.0,0.0,nan,nan,nan,UNKNOWN,0.0,0.0,False,False,True,True,False,horizontal
20.709,0.0,0.0,0.0,0.0,0.0,0.0,0.0,0.0,0,0,0.0,0.0,nan,nan,nan,UNKNOWN,0.0,0.0,False,False,True,True,False,horizontal
20.759,0.0,0.0,0.0,0.0,0.0,0.0,0.0,0.0,0,0,0.0,0.0,nan,nan,nan,UNKNOWN,0.0,0.0,False,False,True,True,False,horizontal
20.809,0.0,0.0,0.0,0.0,0.0,0.0,0.0,0.0,0,0,0.0,0.0,nan,nan,nan,UNKNOWN,0.0,0.0,False,False,True,True,False,horizontal
20.859,0.0,0.0,0.0,0.0,0.0,0.0,0.0,0.0,0,0,0.0,0.0,nan,nan,nan,UNKNOWN,0.0,0.0,False,False,True,True,False,horizontal
20.909,0.0,0.0,0.0,0.0,0.0,0.0,0.0,0.0,0,0,0.0,0.0,nan,nan,nan,UNKNOWN,0.0,0.0,False,False,True,True,False,horizontal
20.959,0.0,0.0,0.0,0.0,0.0,0.0,0.0,0.0,0,0,0.0,0.0,nan,nan,nan,UNKNOWN,0.0,0.0,False,False,True,True,False,horizontal
21.009,0.0,0.0,0.0,0.0,0.0,0.0,0.0,0.0,0,0,0.0,0.0,nan,nan,nan,UNKNOWN,0.0,0.0,False,False,True,True,False,horizontal
21.059,0.0,0.0,0.0,0.0,0.0,0.0,0.0,0.0,0,0,0.0,0.0,nan,nan,nan,UNKNOWN,0.0,0.0,False,False,True,True,False,horizontal
21.111,0.0,0.0,0.0,0.0,0.0,0.0,0.0,0.0,0,0,0.0,0.0,nan,nan,nan,UNKNOWN,0.0,0.0,False,False,True,True,False,horizontal
21.159,0.0,0.0,0.0,0.0,0.0,0.0,0.0,0.0,0,0,0.0,0.0,nan,nan,nan,UNKNOWN,0.0,0.0,False,False,True,True,False,horizontal
21.209,0.0,0.0,0.0,0.0,0.0,0.0,0.0,0.0,0,0,0.0,0.0,nan,nan,nan,UNKNOWN,0.0,0.0,False,False,True,True,False,horizontal
21.259,0.0,0.0,0.0,0.0,0.0,0.0,0.0,0.0,0,0,0.0,0.0,nan,nan,nan,UNKNOWN,0.0,0.0,False,False,True,True,False,horizontal
21.309,0.0,0.0,0.0,0.0,0.0,0.0,0.0,0.0,0,0,0.0,0.0,nan,nan,nan,UNKNOWN,0.0,0.0,False,False,True,True,False,horizontal
21.359,0.0,0.0,0.0,0.0,0.0,0.0,0.0,0.0,0,0,0.0,0.0,nan,nan,nan,UNKNOWN,0.0,0.0,False,False,True,True,False,horizontal
21.409,0.0,0.0,0.0,0.0,0.0,0.0,0.0,0.0,0,0,0.0,0.0,nan,nan,nan,UNKNOWN,0.0,0.0,False,False,True,True,False,horizontal
21.459,0.0,0.0,0.0,0.0,0.0,0.0,0.0,0.0,0,0,0.0,0.0,nan,nan,nan,UNKNOWN,0.0,0.0,False,False,True,True,False,horizontal
21.509,0.0,0.0,0.0,0.0,0.0,0.0,0.0,0.0,0,0,0.0,0.0,nan,nan,nan,UNKNOWN,0.0,0.0,False,False,True,True,False,horizontal
21.559,0.0,0.0,0.0,0.0,0.0,0.0,0.0,0.0,0,0,0.0,0.0,nan,nan,nan,UNKNOWN,0.0,0.0,False,False,True,True,False,horizontal
21.609,0.0,0.0,0.0,0.0,0.0,0.0,0.0,0.0,0,0,0.0,0.0,nan,nan,nan,UNKNOWN,0.0,0.0,False,False,True,True,False,horizontal
21.659,0.0,0.0,0.0,0.0,0.0,0.0,0.0,0.0,0,0,0.0,0.0,nan,nan,nan,UNKNOWN,0.0,0.0,False,False,True,True,False,horizontal
21.709,0.0,0.0,0.0,0.0,0.0,0.0,0.0,0.0,0,0,0.0,0.0,nan,nan,nan,UNKNOWN,0.0,0.0,False,False,True,True,False,horizontal
21.759,0.0,0.0,0.0,0.0,0.0,0.0,0.0,0.0,0,0,0.0,0.0,nan,nan,nan,UNKNOWN,0.0,0.0,False,False,True,True,False,horizontal
21.809,0.0,0.0,0.0,0.0,0.0,0.0,0.0,0.0,0,0,0.0,0.0,nan,nan,nan,UNKNOWN,0.0,0.0,False,False,True,True,False,horizontal
21.859,0.0,0.0,0.0,0.0,0.0,0.0,0.0,0.0,0,0,0.0,0.0,nan,nan,nan,UNKNOWN,0.0,0.0,False,False,True,True,False,horizontal
21.909,0.0,0.0,0.0,0.0,0.0,0.0,0.0,0.0,0,0,0.0,0.0,nan,nan,nan,UNKNOWN,0.0,0.0,False,False,True,True,False,horizontal
21.959,0.0,0.0,0.0,0.0,0.0,0.0,0.0,0.0,0,0,0.0,0.0,nan,nan,nan,UNKNOWN,0.0,0.0,False,False,True,True,False,horizontal
22.009,0.0,0.0,0.0,0.0,0.0,0.0,0.0,0.0,0,0,0.0,0.0,nan,nan,nan,UNKNOWN,0.0,0.0,False,False,True,True,False,horizontal
22.059,0.0,0.0,0.0,0.0,0.0,0.0,0.0,0.0,0,0,0.0,0.0,nan,nan,nan,UNKNOWN,0.0,0.0,False,False,True,True,False,horizontal
22.11,0.0,0.0,0.0,0.0,0.0,0.0,0.0,0.0,0,0,0.0,0.0,nan,nan,nan,UNKNOWN,0.0,0.0,False,False,True,True,False,horizontal
22.159,0.0,0.0,0.0,0.0,0.0,0.0,0.0,0.0,0,0,0.0,0.0,nan,nan,nan,UNKNOWN,0.0,0.0,False,False,True,True,False,horizontal
22.209,0.0,0.0,0.0,0.0,0.0,0.0,0.0,0.0,0,0,0.0,0.0,nan,nan,nan,UNKNOWN,0.0,0.0,False,False,True,True,False,horizontal
22.259,0.0,0.0,0.0,0.0,0.0,0.0,0.0,0.0,0,0,0.0,0.0,nan,nan,nan,UNKNOWN,0.0,0.0,False,False,True,True,False,horizontal
22.309,0.0,0.0,0.0,0.0,0.0,0.0,0.0,0.0,0,0,0.0,0.0,nan,nan,nan,UNKNOWN,0.0,0.0,False,False,True,True,False,horizontal
22.359,0.0,0.0,0.0,0.0,0.0,0.0,0.0,0.0,0,0,0.0,0.0,nan,nan,nan,UNKNOWN,0.0,0.0,False,False,True,True,False,horizontal
22.409,0.0,0.0,0.0,0.0,0.0,0.0,0.0,0.0,0,0,0.0,0.0,nan,nan,nan,UNKNOWN,0.0,0.0,False,False,True,True,False,horizontal
22.459,0.0,0.0,0.0,0.0,0.0,0.0,0.0,0.0,0,0,0.0,0.0,nan,nan,nan,UNKNOWN,0.0,0.0,False,False,True,True,False,horizontal
22.509,0.0,0.0,0.0,0.0,0.0,0.0,0.0,0.0,0,0,0.0,0.0,nan,nan,nan,UNKNOWN,0.0,0.0,False,False,True,True,False,horizontal
22.559,0.0,0.0,0.0,0.0,0.0,0.0,0.0,0.0,0,0,0.0,0.0,nan,nan,nan,UNKNOWN,0.0,0.0,False,False,True,True,False,horizontal
22.609,0.0,0.0,0.0,0.0,0.0,0.0,0.0,0.0,0,0,0.0,0.0,nan,nan,nan,UNKNOWN,0.0,0.0,False,False,True,True,False,horizontal
22.659,0.0,0.0,0.0,0.0,0.0,0.0,0.0,0.0,0,0,0.0,0.0,nan,nan,nan,UNKNOWN,0.0,0.0,False,False,True,True,False,horizontal
22.709,0.0,0.0,0.0,0.0,0.0,0.0,0.0,0.0,0,0,0.0,0.0,nan,nan,nan,UNKNOWN,0.0,0.0,False,False,True,True,False,horizontal
22.759,0.0,0.0,0.0,0.0,0.0,0.0,0.0,0.0,0,0,0.0,0.0,nan,nan,nan,UNKNOWN,0.0,0.0,False,False,True,True,False,horizontal
22.809,0.0,0.0,0.0,0.0,0.0,0.0,0.0,0.0,0,0,0.0,0.0,nan,nan,nan,UNKNOWN,0.0,0.0,False,False,True,True,False,horizontal
22.859,0.0,0.0,0.0,0.0,0.0,0.0,0.0,0.0,0,0,0.0,0.0,nan,nan,nan,UNKNOWN,0.0,0.0,False,False,True,True,False,horizontal
22.909,0.0,0.0,0.0,0.0,0.0,0.0,0.0,0.0,0,0,0.0,0.0,nan,nan,nan,UNKNOWN,0.0,0.0,False,False,True,True,False,horizontal
22.959,0.0,0.0,0.0,0.0,0.0,0.0,0.0,0.0,0,0,0.0,0.0,nan,nan,nan,UNKNOWN,0.0,0.0,False,False,True,True,False,horizontal
23.009,0.0,0.0,0.0,0.0,0.0,0.0,0.0,0.0,0,0,0.0,0.0,nan,nan,nan,UNKNOWN,0.0,0.0,False,False,True,True,False,horizontal
23.059,0.0,0.0,0.0,0.0,0.0,0.0,0.0,0.0,0,0,0.0,0.0,nan,nan,nan,UNKNOWN,0.0,0.0,False,False,True,True,False,horizontal
23.111,0.0,0.0,0.0,0.0,0.0,0.0,0.0,0.0,0,0,0.0,0.0,nan,nan,nan,UNKNOWN,0.0,0.0,False,False,True,True,False,horizontal
23.159,0.0,0.0,0.0,0.0,0.0,0.0,0.0,0.0,0,0,0.0,0.0,nan,nan,nan,UNKNOWN,0.0,0.0,False,False,True,True,False,horizontal
23.209,0.0,0.0,0.0,0.0,0.0,0.0,0.0,0.0,0,0,0.0,0.0,nan,nan,nan,UNKNOWN,0.0,0.0,False,False,True,True,False,horizontal
23.259,0.0,0.0,0.0,0.0,0.0,0.0,0.0,0.0,0,0,0.0,0.0,nan,nan,nan,UNKNOWN,0.0,0.0,False,False,True,True,False,horizontal
23.309,0.0,0.0,0.0,0.0,0.0,0.0,0.0,0.0,0,0,0.0,0.0,nan,nan,nan,UNKNOWN,0.0,0.0,False,False,True,True,False,horizontal
23.359,0.0,0.0,0.0,0.0,0.0,0.0,0.0,0.0,0,0,0.0,0.0,nan,nan,nan,UNKNOWN,0.0,0.0,False,False,True,True,False,horizontal
23.409,0.0,0.0,0.0,0.0,0.0,0.0,0.0,0.0,0,0,0.0,0.0,nan,nan,nan,UNKNOWN,0.0,0.0,False,False,True,True,False,horizontal
23.459,0.0,0.0,0.0,0.0,0.0,0.0,0.0,0.0,0,0,0.0,0.0,nan,nan,nan,UNKNOWN,0.0,0.0,False,False,True,True,False,horizontal
23.509,0.0,0.0,0.0,0.0,0.0,0.0,0.0,0.0,0,0,0.0,0.0,nan,nan,nan,UNKNOWN,0.0,0.0,False,False,True,True,False,horizontal
23.559,0.0,0.0,0.0,0.0,0.0,0.0,0.0,0.0,0,0,0.0,0.0,nan,nan,nan,UNKNOWN,0.0,0.0,False,False,True,True,False,horizontal
23.609,0.0,0.0,0.0,0.0,0.0,0.0,0.0,0.0,0,0,0.0,0.0,nan,nan,nan,UNKNOWN,0.0,0.0,False,False,True,True,False,horizontal
23.659,0.0,0.0,0.0,0.0,0.0,0.0,0.0,0.0,0,0,0.0,0.0,nan,nan,nan,UNKNOWN,0.0,0.0,False,False,True,True,False,horizontal
23.709,0.0,0.0,0.0,0.0,0.0,0.0,0.0,0.0,0,0,0.0,0.0,nan,nan,nan,UNKNOWN,0.0,0.0,False,False,True,True,False,horizontal
23.759,0.0,0.0,0.0,0.0,0.0,0.0,0.0,0.0,0,0,0.0,0.0,nan,nan,nan,UNKNOWN,0.0,0.0,False,False,True,True,False,horizontal
23.809,0.0,0.0,0.0,0.0,0.0,0.0,0.0,0.0,0,0,0.0,0.0,nan,nan,nan,UNKNOWN,0.0,0.0,False,False,True,True,False,horizontal
23.859,0.0,0.0,0.0,0.0,0.0,0.0,0.0,0.0,0,0,0.0,0.0,nan,nan,nan,UNKNOWN,0.0,0.0,False,False,True,True,False,horizontal
23.909,0.0,0.0,0.0,0.0,0.0,0.0,0.0,0.0,0,0,0.0,0.0,nan,nan,nan,UNKNOWN,0.0,0.0,False,False,True,True,False,horizontal
23.959,0.0,0.0,0.0,0.0,0.0,0.0,0.0,0.0,0,0,0.0,0.0,nan,nan,nan,UNKNOWN,0.0,0.0,False,False,True,True,False,horizontal
24.009,0.0,0.0,0.0,0.0,0.0,0.0,0.0,0.0,0,0,0.0,0.0,nan,nan,nan,UNKNOWN,0.0,0.0,False,False,True,True,False,horizontal
24.059,0.0,0.0,0.0,0.0,0.0,0.0,0.0,0.0,0,0,0.0,0.0,nan,nan,nan,UNKNOWN,0.0,0.0,False,False,True,True,False,horizontal
24.111,0.0,0.0,0.0,0.0,0.0,0.0,0.0,0.0,0,0,0.0,0.0,nan,nan,nan,UNKNOWN,0.0,0.0,False,False,True,True,False,horizontal
24.159,0.0,0.0,0.0,0.0,0.0,0.0,0.0,0.0,0,0,0.0,0.0,nan,nan,nan,UNKNOWN,0.0,0.0,False,False,True,True,False,horizontal
24.209,0.0,0.0,0.0,0.0,0.0,0.0,0.0,0.0,0,0,0.0,0.0,nan,nan,nan,UNKNOWN,0.0,0.0,False,False,True,True,False,horizontal
24.259,0.0,0.0,0.0,0.0,0.0,0.0,0.0,0.0,0,0,0.0,0.0,nan,nan,nan,UNKNOWN,0.0,0.0,False,False,True,True,False,horizontal
24.309,0.0,0.0,0.0,0.0,0.0,0.0,0.0,0.0,0,0,0.0,0.0,nan,nan,nan,UNKNOWN,0.0,0.0,False,False,True,True,False,horizontal
24.359,0.0,0.0,0.0,0.0,0.0,0.0,0.0,0.0,0,0,0.0,0.0,nan,nan,nan,UNKNOWN,0.0,0.0,False,False,True,True,False,horizontal
24.409,0.0,0.0,0.0,0.0,0.0,0.0,0.0,0.0,0,0,0.0,0.0,nan,nan,nan,UNKNOWN,0.0,0.0,False,False,True,True,False,horizontal
24.459,0.0,0.0,0.0,0.0,0.0,0.0,0.0,0.0,0,0,0.0,0.0,nan,nan,nan,UNKNOWN,0.0,0.0,False,False,True,True,False,horizontal
24.509,0.0,0.0,0.0,0.0,0.0,0.0,0.0,0.0,0,0,0.0,0.0,nan,nan,nan,UNKNOWN,0.0,0.0,False,False,True,True,False,horizontal
24.559,0.0,0.0,0.0,0.0,0.0,0.0,0.0,0.0,0,0,0.0,0.0,nan,nan,nan,UNKNOWN,0.0,0.0,False,False,True,True,False,horizontal
24.609,0.0,0.0,0.0,0.0,0.0,0.0,0.0,0.0,0,0,0.0,0.0,nan,nan,nan,UNKNOWN,0.0,0.0,False,False,True,True,False,horizontal
24.659,0.0,0.0,0.0,0.0,0.0,0.0,0.0,0.0,0,0,0.0,0.0,nan,nan,nan,UNKNOWN,0.0,0.0,False,False,True,True,False,horizontal
24.709,0.0,0.0,0.0,0.0,0.0,0.0,0.0,0.0,0,0,0.0,0.0,nan,nan,nan,UNKNOWN,0.0,0.0,False,False,True,True,False,horizontal
24.759,0.0,0.0,0.0,0.0,0.0,0.0,0.0,0.0,0,0,0.0,0.0,nan,nan,nan,UNKNOWN,0.0,0.0,False,False,True,True,False,horizontal
24.809,0.0,0.0,0.0,0.0,0.0,0.0,0.0,0.0,0,0,0.0,0.0,nan,nan,nan,UNKNOWN,0.0,0.0,False,False,True,True,False,horizontal
24.859,0.0,0.0,0.0,0.0,0.0,0.0,0.0,0.0,0,0,0.0,0.0,nan,nan,nan,UNKNOWN,0.0,0.0,False,False,True,True,False,horizontal
24.909,0.0,0.0,0.0,0.0,0.0,0.0,0.0,0.0,0,0,0.0,0.0,nan,nan,nan,UNKNOWN,0.0,0.0,False,False,True,True,False,horizontal
24.959,0.0,0.0,0.0,0.0,0.0,0.0,0.0,0.0,0,0,0.0,0.0,nan,nan,nan,UNKNOWN,0.0,0.0,False,False,True,True,False,horizontal
25.009,0.0,0.0,0.0,0.0,0.0,0.0,0.0,0.0,0,0,0.0,0.0,nan,nan,nan,UNKNOWN,0.0,0.0,False,False,True,True,False,horizontal
25.059,0.0,0.0,0.0,0.0,0.0,0.0,0.0,0.0,0,0,0.0,0.0,nan,nan,nan,UNKNOWN,0.0,0.0,False,False,True,True,False,horizontal
25.111,0.0,0.0,0.0,0.0,0.0,0.0,0.0,0.0,0,0,0.0,0.0,nan,nan,nan,UNKNOWN,0.0,0.0,False,False,True,True,False,horizontal
25.159,0.0,0.0,0.0,0.0,0.0,0.0,0.0,0.0,0,0,0.0,0.0,nan,nan,nan,UNKNOWN,0.0,0.0,False,False,True,True,False,horizontal
25.209,0.0,0.0,0.0,0.0,0.0,0.0,0.0,0.0,0,0,0.0,0.0,nan,nan,nan,UNKNOWN,0.0,0.0,False,False,True,True,False,horizontal
25.259,0.0,0.0,0.0,0.0,0.0,0.0,0.0,0.0,0,0,0.0,0.0,nan,nan,nan,UNKNOWN,0.0,0.0,False,False,True,True,False,horizontal
25.309,0.0,0.0,0.0,0.0,0.0,0.0,0.0,0.0,0,0,0.0,0.0,nan,nan,nan,UNKNOWN,0.0,0.0,False,False,True,True,False,horizontal
25.359,0.0,0.0,0.0,0.0,0.0,0.0,0.0,0.0,0,0,0.0,0.0,nan,nan,nan,UNKNOWN,0.0,0.0,False,False,True,True,False,horizontal
25.409,0.0,0.0,0.0,0.0,0.0,0.0,0.0,0.0,0,0,0.0,0.0,nan,nan,nan,UNKNOWN,0.0,0.0,False,False,True,True,False,horizontal
25.459,0.0,0.0,0.0,0.0,0.0,0.0,0.0,0.0,0,0,0.0,0.0,nan,nan,nan,UNKNOWN,0.0,0.0,False,False,True,True,False,horizontal
25.509,0.0,0.0,0.0,0.0,0.0,0.0,0.0,0.0,0,0,0.0,0.0,nan,nan,nan,UNKNOWN,0.0,0.0,False,False,True,True,False,horizontal
25.559,0.0,0.0,0.0,0.0,0.0,0.0,0.0,0.0,0,0,0.0,0.0,nan,nan,nan,UNKNOWN,0.0,0.0,False,False,True,True,False,horizontal
25.609,0.0,0.0,0.0,0.0,0.0,0.0,0.0,0.0,0,0,0.0,0.0,nan,nan,nan,UNKNOWN,0.0,0.0,False,False,True,True,False,horizontal
25.659,0.0,0.0,0.0,0.0,0.0,0.0,0.0,0.0,0,0,0.0,0.0,nan,nan,nan,UNKNOWN,0.0,0.0,False,False,True,True,False,horizontal
25.709,0.0,0.0,0.0,0.0,0.0,0.0,0.0,0.0,0,0,0.0,0.0,nan,nan,nan,UNKNOWN,0.0,0.0,False,False,True,True,False,horizontal
25.759,0.0,0.0,0.0,0.0,0.0,0.0,0.0,0.0,0,0,0.0,0.0,nan,nan,nan,UNKNOWN,0.0,0.0,False,False,True,True,False,horizontal
25.809,0.0,0.0,0.0,0.0,0.0,0.0,0.0,0.0,0,0,0.0,0.0,nan,nan,nan,UNKNOWN,0.0,0.0,False,False,True,True,False,horizontal
25.859,0.0,0.0,0.0,0.0,0.0,0.0,0.0,0.0,0,0,0.0,0.0,nan,nan,nan,UNKNOWN,0.0,0.0,False,False,True,True,False,horizontal
25.909,0.0,0.0,0.0,0.0,0.0,0.0,0.0,0.0,0,0,0.0,0.0,nan,nan,nan,UNKNOWN,0.0,0.0,False,False,True,True,False,horizontal
25.959,0.0,0.0,0.0,0.0,0.0,0.0,0.0,0.0,0,0,0.0,0.0,nan,nan,nan,UNKNOWN,0.0,0.0,False,False,True,True,False,horizontal
26.009,0.0,0.0,0.0,0.0,0.0,0.0,0.0,0.0,0,0,0.0,0.0,nan,nan,nan,UNKNOWN,0.0,0.0,False,False,True,True,False,horizontal
26.059,0.0,0.0,0.0,0.0,0.0,0.0,0.0,0.0,0,0,0.0,0.0,nan,nan,nan,UNKNOWN,0.0,0.0,False,False,True,True,False,horizontal
26.111,0.0,0.0,0.0,0.0,0.0,0.0,0.0,0.0,0,0,0.0,0.0,nan,nan,nan,UNKNOWN,0.0,0.0,False,False,True,True,False,horizontal
26.159,0.0,0.0,0.0,0.0,0.0,0.0,0.0,0.0,0,0,0.0,0.0,nan,nan,nan,UNKNOWN,0.0,0.0,False,False,True,True,False,horizontal
26.209,0.0,0.0,0.0,0.0,0.0,0.0,0.0,0.0,0,0,0.0,0.0,nan,nan,nan,UNKNOWN,0.0,0.0,False,False,True,True,False,horizontal
26.259,0.0,0.0,0.0,0.0,0.0,0.0,0.0,0.0,0,0,0.0,0.0,nan,nan,nan,UNKNOWN,0.0,0.0,False,False,True,True,False,horizontal
26.309,0.0,0.0,0.0,0.0,0.0,0.0,0.0,0.0,0,0,0.0,0.0,nan,nan,nan,UNKNOWN,0.0,0.0,False,False,True,True,False,horizontal
26.359,0.0,0.0,0.0,0.0,0.0,0.0,0.0,0.0,0,0,0.0,0.0,nan,nan,nan,UNKNOWN,0.0,0.0,False,False,True,True,False,horizontal
26.41,0.0,0.0,0.0,0.0,0.0,0.0,0.0,0.0,0,0,0.0,0.0,nan,nan,nan,UNKNOWN,0.0,0.0,False,False,True,True,False,horizontal
26.459,0.0,0.0,0.0,0.0,0.0,0.0,0.0,0.0,0,0,0.0,0.0,nan,nan,nan,UNKNOWN,0.0,0.0,False,False,True,True,False,horizontal
26.509,0.0,0.0,0.0,0.0,0.0,0.0,0.0,0.0,0,0,0.0,0.0,nan,nan,nan,UNKNOWN,0.0,0.0,False,False,True,True,False,horizontal
26.559,0.0,0.0,0.0,0.0,0.0,0.0,0.0,0.0,0,0,0.0,0.0,nan,nan,nan,UNKNOWN,0.0,0.0,False,False,True,True,False,horizontal
26.609,0.0,0.0,0.0,0.0,0.0,0.0,0.0,0.0,0,0,0.0,0.0,nan,nan,nan,UNKNOWN,0.0,0.0,False,False,True,True,False,horizontal
26.659,0.0,0.0,0.0,0.0,0.0,0.0,0.0,0.0,0,0,0.0,0.0,nan,nan,nan,UNKNOWN,0.0,0.0,False,False,True,True,False,horizontal
26.709,0.0,0.0,0.0,0.0,0.0,0.0,0.0,0.0,0,0,0.0,0.0,nan,nan,nan,UNKNOWN,0.0,0.0,False,False,True,True,False,horizontal
26.759,0.0,0.0,0.0,0.0,0.0,0.0,0.0,0.0,0,0,0.0,0.0,nan,nan,nan,UNKNOWN,0.0,0.0,False,False,True,True,False,horizontal
26.809,0.0,0.0,0.0,0.0,0.0,0.0,0.0,0.0,0,0,0.0,0.0,nan,nan,nan,UNKNOWN,0.0,0.0,False,False,True,True,False,horizontal
26.859,0.0,0.0,0.0,0.0,0.0,0.0,0.0,0.0,0,0,0.0,0.0,nan,nan,nan,UNKNOWN,0.0,0.0,False,False,True,True,False,horizontal
26.909,0.0,0.0,0.0,0.0,0.0,0.0,0.0,0.0,0,0,0.0,0.0,nan,nan,nan,UNKNOWN,0.0,0.0,False,False,True,True,False,horizontal
26.959,0.0,0.0,0.0,0.0,0.0,0.0,0.0,0.0,0,0,0.0,0.0,nan,nan,nan,UNKNOWN,0.0,0.0,False,False,True,True,False,horizontal
27.009,0.0,0.0,0.0,0.0,0.0,0.0,0.0,0.0,0,0,0.0,0.0,nan,nan,nan,UNKNOWN,0.0,0.0,False,False,True,True,False,horizontal
