t,vx,wz,target_r,target_l,speed_r,speed_l,err_r,err_l,ticks_r,ticks_l,dist_r ,dist_l,angle,weld
2.106,0.0,0.0,0.0,0.0,0.0,0.0,0.0,0.0,0,0,0.0,0.0,nan,UNKNOWN
2.156,0.0,0.0,0.0,0.0,0.0,0.0,0.0,0.0,0,0,0.0,0.0,nan,UNKNOWN
2.206,0.0,0.0,0.0,0.0,0.0,0.0,0.0,0.0,0,0,0.0,0.0,nan,UNKNOWN
2.256,0.0,0.0,0.0,0.0,0.0,0.0,0.0,0.0,0,0,0.0,0.0,nan,UNKNOWN
2.306,0.0,0.0,0.0,0.0,0.0,0.0,0.0,0.0,0,0,0.0,0.0,nan,UNKNOWN
2.356,0.0,0.0,0.0,0.0,0.0,0.0,0.0,0.0,0,0,0.0,0.0,nan,UNKNOWN
2.406,0.0,0.0,0.0,0.0,0.0,0.0,0.0,0.0,0,0,0.0,0.0,nan,UNKNOWN
2.456,0.0,0.0,0.0,0.0,0.0,0.0,0.0,0.0,0,0,0.0,0.0,nan,UNKNOWN
2.506,0.0,0.0,0.0,0.0,0.0,0.0,0.0,0.0,0,0,0.0,0.0,nan,UNKNOWN
2.556,0.0,0.0,0.0,0.0,0.0,0.0,0.0,0.0,0,0,0.0,0.0,nan,UNKNOWN
2.606,0.0,0.0,0.0,0.0,0.0,0.0,0.0,0.0,0,0,0.0,0.0,nan,UNKNOWN
2.656,0.0,0.0,0.0,0.0,0.0,0.0,0.0,0.0,0,0,0.0,0.0,nan,UNKNOWN
2.706,0.0,0.0,0.0,0.0,0.0,0.0,0.0,0.0,0,0,0.0,0.0,nan,UNKNOWN
2.756,0.0,0.0,0.0,0.0,0.0,0.0,0.0,0.0,0,0,0.0,0.0,nan,UNKNOWN
2.806,0.0,0.0,0.0,0.0,0.0,0.0,0.0,0.0,0,0,0.0,0.0,nan,UNKNOWN
2.856,0.0,0.0,0.0,0.0,0.0,0.0,0.0,0.0,0,0,0.0,0.0,nan,UNKNOWN
2.906,0.0,0.0,0.0,0.0,0.0,0.0,0.0,0.0,0,0,0.0,0.0,nan,UNKNOWN
2.956,0.0,0.0,0.0,0.0,0.0,0.0,0.0,0.0,0,0,0.0,0.0,nan,UNKNOWN
3.006,0.0,0.0,0.0,0.0,0.0,0.0,0.0,0.0,0,0,0.0,0.0,nan,UNKNOWN
3.057,0.0,0.0,0.0,0.0,0.0,0.0,0.0,0.0,0,0,0.0,0.0,nan,UNKNOWN
3.106,0.0,0.0,0.0,0.0,0.0,0.0,0.0,0.0,0,0,0.0,0.0,nan,UNKNOWN
3.156,0.0,0.0,0.0,0.0,0.0,0.0,0.0,0.0,0,0,0.0,0.0,nan,UNKNOWN
3.206,0.0,0.0,0.0,0.0,0.0,0.0,0.0,0.0,0,0,0.0,0.0,nan,UNKNOWN
3.256,0.0,0.0,0.0,0.0,0.0,0.0,0.0,0.0,0,0,0.0,0.0,nan,UNKNOWN
3.306,0.0,0.0,0.0,0.0,0.0,0.0,0.0,0.0,0,0,0.0,0.0,nan,UNKNOWN
3.356,0.0,0.0,0.0,0.0,0.0,0.0,0.0,0.0,0,0,0.0,0.0,nan,UNKNOWN
3.406,0.0,0.0,0.0,0.0,0.0,0.0,0.0,0.0,0,0,0.0,0.0,nan,UNKNOWN
3.456,0.0,0.0,0.0,0.0,0.0,0.0,0.0,0.0,0,0,0.0,0.0,nan,UNKNOWN
3.506,0.0,0.0,0.0,0.0,0.0,0.0,0.0,0.0,0,0,0.0,0.0,nan,UNKNOWN
3.556,0.0,0.0,0.0,0.0,0.0,0.0,0.0,0.0,0,0,0.0,0.0,nan,UNKNOWN
3.606,0.0,0.0,0.0,0.0,0.0,0.0,0.0,0.0,0,0,0.0,0.0,nan,UNKNOWN
3.656,0.0,0.0,0.0,0.0,0.0,0.0,0.0,0.0,0,0,0.0,0.0,nan,UNKNOWN
3.706,0.0,0.0,0.0,0.0,0.0,0.0,0.0,0.0,0,0,0.0,0.0,nan,UNKNOWN
3.756,0.0,0.0,0.0,0.0,0.0,0.0,0.0,0.0,0,0,0.0,0.0,nan,UNKNOWN
3.806,0.0,0.0,0.0,0.0,0.0,0.0,0.0,0.0,0,0,0.0,0.0,nan,UNKNOWN
3.856,0.0,0.0,0.0,0.0,0.0,0.0,0.0,0.0,0,0,0.0,0.0,nan,UNKNOWN
3.906,0.0,0.0,0.0,0.0,0.0,0.0,0.0,0.0,0,0,0.0,0.0,nan,UNKNOWN
3.956,0.0,0.0,0.0,0.0,0.0,0.0,0.0,0.0,0,0,0.0,0.0,nan,UNKNOWN
4.006,0.0,0.0,0.0,0.0,0.0,0.0,0.0,0.0,0,0,0.0,0.0,nan,UNKNOWN
4.057,0.0,0.0,0.0,0.0,0.0,0.0,0.0,0.0,0,0,0.0,0.0,nan,UNKNOWN
4.106,0.0,0.0,0.0,0.0,0.0,0.0,0.0,0.0,0,0,0.0,0.0,nan,UNKNOWN
4.156,0.0,0.0,0.0,0.0,0.0,0.0,0.0,0.0,0,0,0.0,0.0,nan,UNKNOWN
4.206,0.0,0.0,0.0,0.0,0.0,0.0,0.0,0.0,0,0,0.0,0.0,nan,UNKNOWN
4.256,0.0,0.0,0.0,0.0,0.0,0.0,0.0,0.0,0,0,0.0,0.0,nan,UNKNOWN
4.306,0.0,0.0,0.0,0.0,0.0,0.0,0.0,0.0,0,0,0.0,0.0,nan,UNKNOWN
4.356,0.0,0.0,0.0,0.0,0.0,0.0,0.0,0.0,0,0,0.0,0.0,nan,UNKNOWN
4.406,0.0,0.0,0.0,0.0,0.0,0.0,0.0,0.0,0,0,0.0,0.0,nan,UNKNOWN
4.456,0.0,0.0,0.0,0.0,0.0,0.0,0.0,0.0,0,0,0.0,0.0,nan,UNKNOWN
4.506,0.0,0.0,0.0,0.0,0.0,0.0,0.0,0.0,0,0,0.0,0.0,nan,UNKNOWN
4.556,0.0,0.0,0.0,0.0,0.0,0.0,0.0,0.0,0,0,0.0,0.0,nan,UNKNOWN
4.606,0.0,0.0,0.0,0.0,0.0,0.0,0.0,0.0,0,0,0.0,0.0,nan,UNKNOWN
4.656,0.0,0.0,0.0,0.0,0.0,0.0,0.0,0.0,0,0,0.0,0.0,nan,UNKNOWN
4.706,0.0,0.0,0.0,0.0,0.0,0.0,0.0,0.0,0,0,0.0,0.0,nan,UNKNOWN
4.756,0.0,0.0,0.0,0.0,0.0,0.0,0.0,0.0,0,0,0.0,0.0,nan,UNKNOWN
4.806,0.0,0.0,0.0,0.0,0.0,0.0,0.0,0.0,0,0,0.0,0.0,nan,UNKNOWN
4.856,0.0,0.0,0.0,0.0,0.0,0.0,0.0,0.0,0,0,0.0,0.0,nan,UNKNOWN
4.906,0.0,0.0,0.0,0.0,0.0,0.0,0.0,0.0,0,0,0.0,0.0,nan,UNKNOWN
4.956,0.0,0.0,0.0,0.0,0.0,0.0,0.0,0.0,0,0,0.0,0.0,nan,UNKNOWN
5.006,0.0,0.0,0.0,0.0,0.0,0.0,0.0,0.0,0,0,0.0,0.0,nan,UNKNOWN
5.057,0.0,0.0,0.0,0.0,0.0,0.0,0.0,0.0,0,0,0.0,0.0,nan,UNKNOWN
5.106,0.0,0.0,0.0,0.0,0.0,0.0,0.0,0.0,0,0,0.0,0.0,nan,UNKNOWN
5.156,0.0,0.0,0.0,0.0,0.0,0.0,0.0,0.0,0,0,0.0,0.0,nan,UNKNOWN
5.206,0.0,0.0,0.0,0.0,0.0,0.0,0.0,0.0,0,0,0.0,0.0,nan,UNKNOWN
5.256,0.0,0.0,0.0,0.0,0.0,0.0,0.0,0.0,0,0,0.0,0.0,nan,UNKNOWN
5.306,0.0,0.0,0.0,0.0,0.0,0.0,0.0,0.0,0,0,0.0,0.0,nan,UNKNOWN
5.356,0.0,0.0,0.0,0.0,0.0,0.0,0.0,0.0,0,0,0.0,0.0,nan,UNKNOWN
5.406,0.0,0.0,0.0,0.0,0.0,0.0,0.0,0.0,0,0,0.0,0.0,nan,UNKNOWN
5.456,0.0,0.0,0.0,0.0,0.0,0.0,0.0,0.0,0,0,0.0,0.0,nan,UNKNOWN
5.506,0.0,0.0,0.0,0.0,0.0,0.0,0.0,0.0,0,0,0.0,0.0,nan,UNKNOWN
5.556,0.05,-0.1,0.035,0.065,0.0,0.0,0.035,0.065,0,0,0.0,0.0,nan,UNKNOWN
5.606,0.05,-0.1,0.035,0.065,0.0,0.0,0.035,0.065,0,0,0.0,0.0,nan,UNKNOWN
5.656,0.05,-0.1,0.035,0.065,0.0,0.0,0.035,0.065,0,0,0.0,0.0,nan,UNKNOWN
5.706,0.05,-0.1,0.035,0.065,0.0056,0.0067,0.0294,0.0583,5,6,0.0046,0.0056,nan,UNKNOWN
5.756,0.05,-0.1,0.035,0.065,0.0056,0.0067,0.0294,0.0583,5,6,0.0046,0.0056,nan,UNKNOWN
5.806,0.05,-0.1,0.035,0.065,0.0056,0.0067,0.0294,0.0583,9,11,0.0083,0.0102,nan,UNKNOWN
5.856,0.05,-0.1,0.035,0.065,0.0056,0.0067,0.0294,0.0583,9,11,0.0083,0.0102,nan,UNKNOWN
5.906,0.05,-0.1,0.035,0.065,0.0164,0.0172,0.0186,0.0478,14,15,0.013,0.0139,nan,UNKNOWN
5.956,0.05,-0.1,0.035,0.065,0.0164,0.0172,0.0186,0.0478,14,15,0.013,0.0139,nan,UNKNOWN
6.006,0.05,-0.1,0.035,0.065,0.0164,0.0172,0.0186,0.0478,18,18,0.0167,0.0167,nan,UNKNOWN
6.057,0.05,-0.1,0.035,0.065,0.0164,0.0172,0.0186,0.0478,18,18,0.0167,0.0167,nan,UNKNOWN
6.106,0.05,-0.1,0.035,0.065,0.0164,0.0172,0.0186,0.0478,22,18,0.0204,0.0167,nan,UNKNOWN
6.156,0.05,-0.1,0.035,0.065,0.0204,0.0154,0.0146,0.0496,22,18,0.0204,0.0167,nan,UNKNOWN
6.206,0.05,-0.1,0.035,0.065,0.0204,0.0154,0.0146,0.0496,26,18,0.0241,0.0167,nan,UNKNOWN
6.256,0.05,-0.1,0.035,0.065,0.0204,0.0154,0.0146,0.0496,26,18,0.0241,0.0167,nan,UNKNOWN
6.306,0.05,-0.1,0.035,0.065,0.0204,0.0154,0.0146,0.0496,30,18,0.0278,0.0167,nan,UNKNOWN
6.356,0.05,-0.1,0.035,0.065,0.0254,0.0123,0.0096,0.0527,30,18,0.0278,0.0167,nan,UNKNOWN
6.406,0.05,-0.1,0.035,0.065,0.0254,0.0123,0.0096,0.0527,34,18,0.0315,0.0167,nan,UNKNOWN
6.456,0.05,-0.1,0.035,0.065,0.0254,0.0123,0.0096,0.0527,34,18,0.0315,0.0167,nan,UNKNOWN
6.506,0.05,-0.1,0.035,0.065,0.0254,0.0123,0.0096,0.0527,38,19,0.0352,0.0176,nan,UNKNOWN
6.556,0.05,-0.1,0.035,0.065,0.0254,0.0123,0.0096,0.0527,38,19,0.0352,0.0176,nan,UNKNOWN
6.606,0.05,-0.1,0.035,0.065,0.0311,0.0153,0.0039,0.0497,42,24,0.0389,0.0222,nan,UNKNOWN
6.656,0.05,-0.1,0.035,0.065,0.0311,0.0153,0.0039,0.0497,42,24,0.0389,0.0222,nan,UNKNOWN
6.706,0.05,-0.1,0.035,0.065,0.0311,0.0153,0.0039,0.0497,46,28,0.0426,0.0259,nan,UNKNOWN
6.756,0.05,-0.1,0.035,0.065,0.0311,0.0153,0.0039,0.0497,46,28,0.0426,0.0259,nan,UNKNOWN
6.806,0.05,-0.1,0.035,0.065,0.0311,0.0153,0.0039,0.0497,50,33,0.0463,0.0306,nan,UNKNOWN
6.856,0.05,-0.1,0.035,0.065,0.0307,0.0207,0.0043,0.0443,50,33,0.0463,0.0306,nan,UNKNOWN
6.906,0.05,-0.1,0.035,0.065,0.0307,0.0207,0.0043,0.0443,53,38,0.0491,0.0352,nan,UNKNOWN
6.956,0.05,-0.1,0.035,0.065,0.0307,0.0207,0.0043,0.0443,53,38,0.0491,0.0352,nan,UNKNOWN
7.006,0.05,-0.1,0.035,0.065,0.0307,0.0207,0.0043,0.0443,57,43,0.0528,0.0399,nan,UNKNOWN
7.057,0.05,-0.1,0.035,0.065,0.0312,0.0284,0.0038,0.0366,57,43,0.0528,0.0399,nan,UNKNOWN
7.106,0.05,-0.1,0.035,0.065,0.0312,0.0284,0.0038,0.0366,61,48,0.0565,0.0445,nan,UNKNOWN
7.156,0.05,-0.1,0.035,0.065,0.0312,0.0284,0.0038,0.0366,61,48,0.0565,0.0445,nan,UNKNOWN
7.206,0.05,-0.1,0.035,0.065,0.0312,0.0284,0.0038,0.0366,65,53,0.0602,0.0491,nan,UNKNOWN
7.256,0.05,-0.1,0.035,0.065,0.0312,0.0284,0.0038,0.0366,65,53,0.0602,0.0491,nan,UNKNOWN
7.306,0.05,-0.1,0.035,0.065,0.0352,0.0366,-0.0002,0.0284,69,58,0.0639,0.0538,nan,UNKNOWN
7.356,0.05,-0.1,0.035,0.065,0.0352,0.0366,-0.0002,0.0284,69,58,0.0639,0.0538,nan,UNKNOWN
7.406,0.05,-0.1,0.035,0.065,0.0352,0.0366,-0.0002,0.0284,73,63,0.0677,0.0584,nan,UNKNOWN
7.456,0.05,-0.1,0.035,0.065,0.0352,0.0366,-0.0002,0.0284,73,63,0.0677,0.0584,nan,UNKNOWN
7.506,0.05,-0.1,0.035,0.065,0.0352,0.0366,-0.0002,0.0284,77,67,0.0714,0.0621,nan,UNKNOWN
7.556,0.05,-0.1,0.035,0.065,0.0335,0.0356,0.0015,0.0294,77,67,0.0714,0.0621,nan,UNKNOWN
7.606,0.05,-0.1,0.035,0.065,0.0335,0.0356,0.0015,0.0294,80,72,0.0741,0.0667,nan,UNKNOWN
7.656,0.05,-0.1,0.035,0.065,0.0335,0.0356,0.0015,0.0294,80,72,0.0741,0.0667,nan,UNKNOWN
7.706,0.05,-0.1,0.035,0.065,0.0335,0.0356,0.0015,0.0294,84,77,0.0778,0.0714,nan,UNKNOWN
7.756,0.05,-0.1,0.035,0.065,0.0332,0.0388,0.0018,0.0262,84,77,0.0778,0.0714,nan,UNKNOWN
7.806,0.05,-0.1,0.035,0.065,0.0332,0.0388,0.0018,0.0262,88,82,0.0816,0.076,nan,UNKNOWN
7.856,0.05,-0.1,0.035,0.065,0.0332,0.0388,0.0018,0.0262,88,82,0.0816,0.076,nan,UNKNOWN
7.906,0.05,-0.1,0.035,0.065,0.0332,0.0388,0.0018,0.0262,92,86,0.0853,0.0797,nan,UNKNOWN
7.956,0.05,-0.1,0.035,0.065,0.0332,0.0388,0.0018,0.0262,92,86,0.0853,0.0797,nan,UNKNOWN
8.006,0.05,-0.1,0.035,0.065,0.0366,0.0427,-0.0016,0.0223,96,91,0.089,0.0843,nan,UNKNOWN
8.057,0.05,-0.1,0.035,0.065,0.0366,0.0427,-0.0016,0.0223,96,91,0.089,0.0843,nan,UNKNOWN
8.106,0.05,-0.1,0.035,0.065,0.0366,0.0427,-0.0016,0.0223,99,95,0.0918,0.088,nan,UNKNOWN
8.156,0.05,-0.1,0.035,0.065,0.0366,0.0427,-0.0016,0.0223,99,95,0.0918,0.088,nan,UNKNOWN
8.206,0.05,-0.1,0.035,0.065,0.0366,0.0427,-0.0016,0.0223,103,99,0.0955,0.0918,nan,UNKNOWN
8.256,0.05,-0.1,0.035,0.065,0.0334,0.0388,0.0016,0.0262,103,99,0.0955,0.0918,nan,UNKNOWN
8.306,0.05,-0.1,0.035,0.065,0.0334,0.0388,0.0016,0.0262,107,104,0.0992,0.0964,nan,UNKNOWN
8.356,0.05,-0.1,0.035,0.065,0.0334,0.0388,0.0016,0.0262,107,104,0.0992,0.0964,nan,UNKNOWN
8.406,0.05,-0.1,0.035,0.065,0.0334,0.0388,0.0016,0.0262,111,108,0.1029,0.1001,nan,UNKNOWN
8.456,0.05,-0.1,0.035,0.065,0.0334,0.0388,0.0016,0.0262,111,108,0.1029,0.1001,nan,UNKNOWN
8.506,0.05,-0.1,0.035,0.065,0.0356,0.0427,-0.0006,0.0223,114,113,0.1057,0.1047,nan,UNKNOWN
8.556,0.05,-0.1,0.035,0.065,0.0356,0.0427,-0.0006,0.0223,114,113,0.1057,0.1047,nan,UNKNOWN
8.606,0.05,-0.1,0.035,0.065,0.0356,0.0427,-0.0006,0.0223,118,117,0.1094,0.1084,nan,UNKNOWN
8.656,0.05,-0.1,0.035,0.065,0.0356,0.0427,-0.0006,0.0223,118,117,0.1094,0.1084,nan,UNKNOWN
8.706,0.05,-0.1,0.035,0.065,0.0356,0.0427,-0.0006,0.0223,121,122,0.1121,0.1131,nan,UNKNOWN
8.756,0.05,-0.1,0.035,0.065,0.0327,0.0399,0.0023,0.0251,121,122,0.1121,0.1131,nan,UNKNOWN
8.806,0.05,-0.1,0.035,0.065,0.0327,0.0399,0.0023,0.0251,125,126,0.1158,0.1168,nan,UNKNOWN
8.856,0.05,-0.1,0.035,0.065,0.0327,0.0399,0.0023,0.0251,125,126,0.1158,0.1168,nan,UNKNOWN
8.906,0.05,-0.1,0.035,0.065,0.0327,0.0399,0.0023,0.0251,128,130,0.1186,0.1205,nan,UNKNOWN
8.956,0.05,-0.1,0.035,0.065,0.0327,0.0399,0.0023,0.0251,128,130,0.1186,0.1205,nan,UNKNOWN
9.006,0.05,-0.1,0.035,0.065,0.0351,0.0424,-0.0001,0.0226,132,135,0.1223,0.1251,nan,UNKNOWN
9.057,0.05,-0.1,0.035,0.065,0.0351,0.0424,-0.0001,0.0226,132,135,0.1223,0.1251,nan,UNKNOWN
9.106,0.05,-0.1,0.035,0.065,0.0351,0.0424,-0.0001,0.0226,135,140,0.1251,0.1297,nan,UNKNOWN
9.156,0.05,-0.1,0.035,0.065,0.0351,0.0424,-0.0001,0.0226,135,140,0.1251,0.1297,nan,UNKNOWN
9.206,0.05,-0.1,0.035,0.065,0.0351,0.0424,-0.0001,0.0226,139,144,0.1288,0.1335,nan,UNKNOWN
9.256,0.05,-0.1,0.035,0.065,0.0324,0.0397,0.0026,0.0253,139,144,0.1288,0.1335,nan,UNKNOWN
9.306,0.05,-0.1,0.035,0.065,0.0324,0.0397,0.0026,0.0253,143,149,0.1325,0.1381,nan,UNKNOWN
9.356,0.05,-0.1,0.035,0.065,0.0324,0.0397,0.0026,0.0253,143,149,0.1325,0.1381,nan,UNKNOWN
9.406,0.05,-0.1,0.035,0.065,0.0324,0.0397,0.0026,0.0253,147,154,0.1362,0.1427,nan,UNKNOWN
9.456,0.05,-0.1,0.035,0.065,0.0338,0.0417,0.0012,0.0233,147,154,0.1362,0.1427,nan,UNKNOWN
9.506,0.05,-0.1,0.035,0.065,0.0338,0.0417,0.0012,0.0233,151,159,0.1399,0.1474,nan,UNKNOWN
9.556,0.05,-0.1,0.035,0.065,0.0338,0.0417,0.0012,0.0233,151,159,0.1399,0.1474,nan,UNKNOWN
9.606,0.05,-0.1,0.035,0.065,0.0338,0.0417,0.0012,0.0233,155,163,0.1436,0.1511,nan,UNKNOWN
9.656,0.05,-0.1,0.035,0.065,0.0338,0.0417,0.0012,0.0233,155,163,0.1436,0.1511,nan,UNKNOWN
9.706,0.05,-0.1,0.035,0.065,0.0359,0.0436,-0.0009,0.0214,158,167,0.1464,0.1548,nan,UNKNOWN
9.756,0.05,-0.1,0.035,0.065,0.0359,0.0436,-0.0009,0.0214,158,167,0.1464,0.1548,nan,UNKNOWN
9.806,0.05,-0.1,0.035,0.065,0.0359,0.0436,-0.0009,0.0214,162,172,0.1501,0.1594,nan,UNKNOWN
9.856,0.05,-0.1,0.035,0.065,0.0359,0.0436,-0.0009,0.0214,162,172,0.1501,0.1594,nan,UNKNOWN
9.906,0.05,-0.1,0.035,0.065,0.0359,0.0436,-0.0009,0.0214,166,177,0.1538,0.164,nan,UNKNOWN
9.956,0.05,-0.1,0.035,0.065,0.034,0.0417,0.001,0.0233,166,177,0.1538,0.164,nan,UNKNOWN
10.006,0.05,-0.1,0.035,0.065,0.034,0.0417,0.001,0.0233,170,182,0.1576,0.1687,nan,UNKNOWN
10.057,0.05,-0.1,0.035,0.065,0.034,0.0417,0.001,0.0233,170,182,0.1576,0.1687,nan,UNKNOWN
10.106,0.05,-0.1,0.035,0.065,0.034,0.0417,0.001,0.0233,174,186,0.1613,0.1724,nan,UNKNOWN
10.156,0.05,-0.1,0.035,0.065,0.034,0.0417,0.001,0.0233,174,186,0.1613,0.1724,nan,UNKNOWN
10.206,0.05,-0.1,0.035,0.065,0.036,0.0447,-0.001,0.0203,177,191,0.164,0.177,nan,UNKNOWN
10.256,0.05,-0.1,0.035,0.065,0.036,0.0447,-0.001,0.0203,177,191,0.164,0.177,nan,UNKNOWN
10.306,0.05,-0.1,0.035,0.065,0.036,0.0447,-0.001,0.0203,181,196,0.1677,0.1816,nan,UNKNOWN
10.356,0.05,-0.1,0.035,0.065,0.036,0.0447,-0.001,0.0203,181,196,0.1677,0.1816,nan,UNKNOWN
10.406,0.05,-0.1,0.035,0.065,0.036,0.0447,-0.001,0.0203,185,201,0.1715,0.1863,nan,UNKNOWN
10.456,0.05,-0.1,0.035,0.065,0.0341,0.0424,0.0009,0.0226,185,201,0.1715,0.1863,nan,UNKNOWN
10.506,0.05,-0.1,0.035,0.065,0.0341,0.0424,0.0009,0.0226,189,205,0.1752,0.19,nan,UNKNOWN
10.556,0.05,-0.1,0.035,0.065,0.0341,0.0424,0.0009,0.0226,189,205,0.1752,0.19,nan,UNKNOWN
10.606,0.05,-0.1,0.035,0.065,0.0341,0.0424,0.0009,0.0226,192,210,0.1779,0.1946,nan,UNKNOWN
10.656,0.05,-0.1,0.035,0.065,0.0341,0.0424,0.0009,0.0226,192,210,0.1779,0.1946,nan,UNKNOWN
10.706,0.05,-0.1,0.035,0.065,0.0361,0.0442,-0.0011,0.0208,196,214,0.1816,0.1983,nan,UNKNOWN
10.756,0.05,-0.1,0.035,0.065,0.0361,0.0442,-0.0011,0.0208,196,214,0.1816,0.1983,nan,UNKNOWN
10.806,0.05,-0.1,0.035,0.065,0.0361,0.0442,-0.0011,0.0208,200,219,0.1854,0.203,nan,UNKNOWN
10.856,0.05,-0.1,0.035,0.065,0.0361,0.0442,-0.0011,0.0208,200,219,0.1854,0.203,nan,UNKNOWN
10.906,0.05,-0.1,0.035,0.065,0.035,0.0448,-0.0,0.0202,203,224,0.1881,0.2076,nan,UNKNOWN
10.956,0.05,-0.1,0.035,0.065,0.035,0.0448,-0.0,0.0202,203,224,0.1881,0.2076,nan,UNKNOWN
11.006,0.05,-0.1,0.035,0.065,0.035,0.0448,-0.0,0.0202,207,228,0.1918,0.2113,nan,UNKNOWN
11.057,0.05,-0.1,0.035,0.065,0.035,0.0448,-0.0,0.0202,207,228,0.1918,0.2113,nan,UNKNOWN
11.106,0.05,-0.1,0.035,0.065,0.0356,0.0439,-0.0006,0.0211,211,233,0.1955,0.2159,nan,UNKNOWN
11.156,0.05,-0.1,0.035,0.065,0.0356,0.0439,-0.0006,0.0211,211,233,0.1955,0.2159,nan,UNKNOWN
11.206,0.05,-0.1,0.035,0.065,0.0356,0.0439,-0.0006,0.0211,215,238,0.1993,0.2206,nan,UNKNOWN
11.256,0.05,-0.1,0.035,0.065,0.0356,0.0439,-0.0006,0.0211,215,238,0.1993,0.2206,nan,UNKNOWN
11.306,0.05,-0.1,0.035,0.065,0.0356,0.0439,-0.0006,0.0211,218,242,0.202,0.2243,nan,UNKNOWN
11.356,0.05,-0.1,0.035,0.065,0.0327,0.0407,0.0023,0.0243,218,242,0.202,0.2243,nan,UNKNOWN
11.406,0.05,-0.1,0.035,0.065,0.0327,0.0407,0.0023,0.0243,222,247,0.2057,0.2289,nan,UNKNOWN
11.456,0.05,-0.1,0.035,0.065,0.0327,0.0407,0.0023,0.0243,222,247,0.2057,0.2289,nan,UNKNOWN
11.506,0.05,-0.1,0.035,0.065,0.0327,0.0407,0.0023,0.0243,226,252,0.2094,0.2335,nan,UNKNOWN
11.556,0.05,-0.1,0.035,0.065,0.034,0.0424,0.001,0.0226,226,252,0.2094,0.2335,nan,UNKNOWN
11.606,0.05,-0.1,0.035,0.065,0.034,0.0424,0.001,0.0226,229,256,0.2122,0.2373,nan,UNKNOWN
11.656,0.05,-0.1,0.035,0.065,0.034,0.0424,0.001,0.0226,229,256,0.2122,0.2373,nan,UNKNOWN
11.706,0.05,-0.1,0.035,0.065,0.034,0.0424,0.001,0.0226,233,261,0.2159,0.2419,nan,UNKNOWN
11.756,0.05,-0.1,0.035,0.065,0.0336,0.0422,0.0014,0.0228,233,261,0.2159,0.2419,nan,UNKNOWN
11.806,0.05,-0.1,0.035,0.065,0.0336,0.0422,0.0014,0.0228,237,265,0.2196,0.2456,nan,UNKNOWN
11.856,0.05,-0.1,0.035,0.065,0.0336,0.0422,0.0014,0.0228,237,265,0.2196,0.2456,nan,UNKNOWN
11.906,0.05,-0.1,0.035,0.065,0.0336,0.0422,0.0014,0.0228,240,270,0.2224,0.2502,nan,UNKNOWN
11.956,0.05,-0.1,0.035,0.065,0.0336,0.0422,0.0014,0.0228,240,270,0.2224,0.2502,nan,UNKNOWN
12.006,0.05,-0.1,0.035,0.065,0.0357,0.0451,-0.0007,0.0199,244,275,0.2261,0.2549,nan,UNKNOWN
12.057,0.05,-0.1,0.035,0.065,0.0357,0.0451,-0.0007,0.0199,244,275,0.2261,0.2549,nan,UNKNOWN
12.106,0.05,-0.1,0.035,0.065,0.0357,0.0451,-0.0007,0.0199,248,279,0.2298,0.2586,nan,UNKNOWN
12.156,0.05,-0.1,0.035,0.065,0.0357,0.0451,-0.0007,0.0199,248,279,0.2298,0.2586,nan,UNKNOWN
12.206,0.05,-0.1,0.035,0.065,0.0357,0.0451,-0.0007,0.0199,252,284,0.2335,0.2632,nan,UNKNOWN
12.256,0.05,-0.1,0.035,0.065,0.0339,0.0416,0.0011,0.0234,252,284,0.2335,0.2632,nan,UNKNOWN
12.306,0.05,-0.1,0.035,0.065,0.0339,0.0416,0.0011,0.0234,255,288,0.2363,0.2669,nan,UNKNOWN
12.356,0.05,-0.1,0.035,0.065,0.0339,0.0416,0.0011,0.0234,255,288,0.2363,0.2669,nan,UNKNOWN
12.406,0.05,-0.1,0.035,0.065,0.0339,0.0416,0.0011,0.0234,259,293,0.24,0.2715,nan,UNKNOWN
12.456,0.05,-0.1,0.035,0.065,0.0335,0.0416,0.0015,0.0234,259,293,0.24,0.2715,nan,UNKNOWN
12.506,0.05,-0.1,0.035,0.065,0.0335,0.0416,0.0015,0.0234,263,297,0.2437,0.2753,nan,UNKNOWN
12.556,0.05,-0.1,0.035,0.065,0.0335,0.0416,0.0015,0.0234,263,297,0.2437,0.2753,nan,UNKNOWN
12.606,0.05,-0.1,0.035,0.065,0.0335,0.0416,0.0015,0.0234,267,302,0.2474,0.2799,nan,UNKNOWN
12.656,0.05,-0.1,0.035,0.065,0.0335,0.0416,0.0015,0.0234,267,302,0.2474,0.2799,nan,UNKNOWN
12.706,0.05,-0.1,0.035,0.065,0.0356,0.0436,-0.0006,0.0214,270,306,0.2502,0.2836,nan,UNKNOWN
12.756,0.05,-0.1,0.035,0.065,0.0356,0.0436,-0.0006,0.0214,270,306,0.2502,0.2836,nan,UNKNOWN
12.806,0.05,-0.1,0.035,0.065,0.0356,0.0436,-0.0006,0.0214,274,311,0.2539,0.2882,nan,UNKNOWN
12.856,0.05,-0.1,0.035,0.065,0.0356,0.0436,-0.0006,0.0214,274,311,0.2539,0.2882,nan,UNKNOWN
12.906,0.05,-0.1,0.035,0.065,0.0356,0.0436,-0.0006,0.0214,278,315,0.2576,0.2919,nan,UNKNOWN
12.956,0.05,-0.1,0.035,0.065,0.0339,0.0405,0.0011,0.0245,278,315,0.2576,0.2919,nan,UNKNOWN
13.006,0.05,-0.1,0.035,0.065,0.0339,0.0405,0.0011,0.0245,282,320,0.2613,0.2966,nan,UNKNOWN
13.057,0.05,-0.1,0.035,0.065,0.0339,0.0405,0.0011,0.0245,282,320,0.2613,0.2966,nan,UNKNOWN
13.106,0.05,-0.1,0.035,0.065,0.0339,0.0405,0.0011,0.0245,285,324,0.2641,0.3003,nan,UNKNOWN
13.156,0.05,-0.1,0.035,0.065,0.0334,0.0409,0.0016,0.0241,285,324,0.2641,0.3003,nan,UNKNOWN
13.206,0.05,-0.1,0.035,0.065,0.0334,0.0409,0.0016,0.0241,289,328,0.2678,0.304,nan,UNKNOWN
13.256,0.05,-0.1,0.035,0.065,0.0334,0.0409,0.0016,0.0241,289,328,0.2678,0.304,nan,UNKNOWN
13.306,0.05,-0.1,0.035,0.065,0.0334,0.0409,0.0016,0.0241,292,332,0.2706,0.3077,nan,UNKNOWN
13.356,0.05,-0.1,0.035,0.065,0.0334,0.0409,0.0016,0.0241,292,332,0.2706,0.3077,nan,UNKNOWN
13.406,0.05,-0.1,0.035,0.065,0.0356,0.0419,-0.0006,0.0231,296,336,0.2743,0.3114,nan,UNKNOWN
13.456,0.05,-0.1,0.035,0.065,0.0356,0.0419,-0.0006,0.0231,296,336,0.2743,0.3114,nan,UNKNOWN
13.506,0.05,-0.1,0.035,0.065,0.0356,0.0419,-0.0006,0.0231,299,340,0.2771,0.3151,nan,UNKNOWN
13.556,0.05,-0.1,0.035,0.065,0.0356,0.0419,-0.0006,0.0231,299,340,0.2771,0.3151,nan,UNKNOWN
13.606,0.05,-0.1,0.035,0.065,0.0356,0.0419,-0.0006,0.0231,303,344,0.2808,0.3188,nan,UNKNOWN
13.656,0.05,-0.1,0.035,0.065,0.0327,0.0383,0.0023,0.0267,303,344,0.2808,0.3188,nan,UNKNOWN
13.706,0.05,-0.1,0.035,0.065,0.0327,0.0383,0.0023,0.0267,307,349,0.2845,0.3234,nan,UNKNOWN
13.756,0.05,-0.1,0.035,0.065,0.0327,0.0383,0.0023,0.0267,307,349,0.2845,0.3234,nan,UNKNOWN
13.806,0.05,-0.1,0.035,0.065,0.0327,0.0383,0.0023,0.0267,310,353,0.2873,0.3271,nan,UNKNOWN
13.856,0.05,-0.1,0.035,0.065,0.0327,0.0383,0.0023,0.0267,310,353,0.2873,0.3271,nan,UNKNOWN
13.906,0.05,-0.1,0.035,0.065,0.0351,0.0412,-0.0001,0.0238,314,357,0.291,0.3309,nan,UNKNOWN
13.956,0.05,-0.1,0.035,0.065,0.0351,0.0412,-0.0001,0.0238,314,357,0.291,0.3309,nan,UNKNOWN
14.006,0.05,-0.1,0.035,0.065,0.0351,0.0412,-0.0001,0.0238,317,362,0.2938,0.3355,nan,UNKNOWN
14.057,0.05,-0.1,0.035,0.065,0.0351,0.0412,-0.0001,0.0238,317,362,0.2938,0.3355,nan,UNKNOWN
14.106,0.05,-0.1,0.035,0.065,0.0343,0.0414,0.0007,0.0236,321,366,0.2975,0.3392,nan,UNKNOWN
14.156,0.05,-0.1,0.035,0.065,0.0343,0.0414,0.0007,0.0236,321,366,0.2975,0.3392,nan,UNKNOWN
14.206,0.05,-0.1,0.035,0.065,0.0343,0.0414,0.0007,0.0236,324,370,0.3003,0.3429,nan,UNKNOWN
14.256,0.05,-0.1,0.035,0.065,0.0343,0.0414,0.0007,0.0236,324,370,0.3003,0.3429,nan,UNKNOWN
14.306,0.05,-0.1,0.035,0.065,0.0343,0.0414,0.0007,0.0236,328,369,0.304,0.342,nan,UNKNOWN
14.356,0.05,-0.1,0.035,0.065,0.0318,0.0323,0.0032,0.0327,328,369,0.304,0.342,nan,UNKNOWN
14.406,0.05,-0.1,0.035,0.065,0.0318,0.0323,0.0032,0.0327,332,368,0.3077,0.3411,nan,UNKNOWN
14.456,0.05,-0.1,0.035,0.065,0.0318,0.0323,0.0032,0.0327,332,368,0.3077,0.3411,nan,UNKNOWN
14.506,0.05,-0.1,0.035,0.065,0.0318,0.0323,0.0032,0.0327,336,368,0.3114,0.3411,nan,UNKNOWN
14.556,0.05,-0.1,0.035,0.065,0.0334,0.0212,0.0016,0.0438,336,368,0.3114,0.3411,nan,UNKNOWN
14.606,0.05,-0.1,0.035,0.065,0.0334,0.0212,0.0016,0.0438,340,368,0.3151,0.3411,nan,UNKNOWN
14.656,0.05,-0.1,0.035,0.065,0.0334,0.0212,0.0016,0.0438,340,368,0.3151,0.3411,nan,UNKNOWN
14.706,0.05,-0.1,0.035,0.065,0.0334,0.0212,0.0016,0.0438,343,371,0.3179,0.3438,nan,UNKNOWN
14.756,0.05,-0.1,0.035,0.065,0.0334,0.0212,0.0016,0.0438,343,371,0.3179,0.3438,nan,UNKNOWN
14.806,0.05,-0.1,0.035,0.065,0.0356,0.0237,-0.0006,0.0413,347,376,0.3216,0.3485,nan,UNKNOWN
14.856,0.05,-0.1,0.035,0.065,0.0356,0.0237,-0.0006,0.0413,347,376,0.3216,0.3485,nan,UNKNOWN
14.906,0.05,-0.1,0.035,0.065,0.0356,0.0237,-0.0006,0.0413,347,376,0.3216,0.3485,nan,UNKNOWN
14.956,0.05,-0.1,0.035,0.065,0.0356,0.0237,-0.0006,0.0413,351,381,0.3253,0.3531,nan,UNKNOWN
15.006,0.05,-0.1,0.035,0.065,0.0356,0.0237,-0.0006,0.0413,351,381,0.3253,0.3531,nan,UNKNOWN
15.057,0.05,-0.1,0.035,0.065,0.0338,0.0278,0.0012,0.0372,355,386,0.329,0.3577,nan,UNKNOWN
15.106,0.05,-0.1,0.035,0.065,0.0338,0.0278,0.0012,0.0372,355,386,0.329,0.3577,nan,UNKNOWN
15.156,0.05,-0.1,0.035,0.065,0.0338,0.0278,0.0012,0.0372,359,391,0.3327,0.3624,nan,UNKNOWN
15.206,0.05,-0.1,0.035,0.065,0.0338,0.0278,0.0012,0.0372,359,391,0.3327,0.3624,nan,UNKNOWN
15.256,0.05,-0.1,0.035,0.065,0.0338,0.0278,0.0012,0.0372,363,395,0.3364,0.3661,nan,UNKNOWN
15.306,0.05,-0.1,0.035,0.065,0.0326,0.0294,0.0024,0.0356,363,395,0.3364,0.3661,nan,UNKNOWN
15.356,0.05,-0.1,0.035,0.065,0.0326,0.0294,0.0024,0.0356,367,400,0.3401,0.3707,nan,UNKNOWN
15.406,0.05,-0.1,0.035,0.065,0.0326,0.0294,0.0024,0.0356,367,400,0.3401,0.3707,nan,UNKNOWN
15.456,0.05,-0.1,0.035,0.065,0.0326,0.0294,0.0024,0.0356,370,404,0.3429,0.3744,nan,UNKNOWN
15.506,0.05,-0.1,0.035,0.065,0.0325,0.0331,0.0025,0.0319,370,404,0.3429,0.3744,nan,UNKNOWN
15.556,0.05,-0.1,0.035,0.065,0.0325,0.0331,0.0025,0.0319,374,409,0.3466,0.379,nan,UNKNOWN
15.606,0.05,-0.1,0.035,0.065,0.0325,0.0331,0.0025,0.0319,374,409,0.3466,0.379,nan,UNKNOWN
15.656,0.05,-0.1,0.035,0.065,0.0325,0.0331,0.0025,0.0319,378,414,0.3503,0.3837,nan,UNKNOWN
15.706,0.05,-0.1,0.035,0.065,0.0325,0.0331,0.0025,0.0319,378,414,0.3503,0.3837,nan,UNKNOWN
15.756,0.05,-0.1,0.035,0.065,0.0372,0.0399,-0.0022,0.0251,383,419,0.355,0.3883,nan,UNKNOWN
15.806,0.05,-0.1,0.035,0.065,0.0372,0.0399,-0.0022,0.0251,383,419,0.355,0.3883,nan,UNKNOWN
15.856,0.05,-0.1,0.035,0.065,0.0372,0.0399,-0.0022,0.0251,386,424,0.3577,0.393,nan,UNKNOWN
15.906,0.05,-0.1,0.035,0.065,0.0372,0.0399,-0.0022,0.0251,386,424,0.3577,0.393,nan,UNKNOWN
15.956,0.05,-0.1,0.035,0.065,0.0358,0.0418,-0.0008,0.0232,390,429,0.3614,0.3976,nan,UNKNOWN
16.006,0.05,-0.1,0.035,0.065,0.0358,0.0418,-0.0008,0.0232,390,429,0.3614,0.3976,nan,UNKNOWN
16.057,0.05,-0.1,0.035,0.065,0.0358,0.0418,-0.0008,0.0232,393,433,0.3642,0.4013,nan,UNKNOWN
16.106,0.05,-0.1,0.035,0.065,0.0358,0.0418,-0.0008,0.0232,393,433,0.3642,0.4013,nan,UNKNOWN
16.156,0.05,-0.1,0.035,0.065,0.0358,0.0418,-0.0008,0.0232,396,438,0.367,0.4059,nan,UNKNOWN
16.206,0.05,-0.1,0.035,0.065,0.0317,0.0393,0.0033,0.0257,396,438,0.367,0.4059,nan,UNKNOWN
16.256,0.05,-0.1,0.035,0.065,0.0317,0.0393,0.0033,0.0257,401,443,0.3716,0.4106,nan,UNKNOWN
16.306,0.05,-0.1,0.035,0.065,0.0317,0.0393,0.0033,0.0257,401,443,0.3716,0.4106,nan,UNKNOWN
16.356,0.05,-0.1,0.035,0.065,0.0317,0.0393,0.0033,0.0257,405,448,0.3753,0.4152,nan,UNKNOWN
16.406,0.05,-0.1,0.035,0.065,0.0317,0.0393,0.0033,0.0257,405,448,0.3753,0.4152,nan,UNKNOWN
16.456,0.05,-0.1,0.035,0.065,0.0378,0.0453,-0.0028,0.0197,410,454,0.38,0.4208,nan,UNKNOWN
16.506,0.05,-0.1,0.035,0.065,0.0378,0.0453,-0.0028,0.0197,410,454,0.38,0.4208,nan,UNKNOWN
16.556,0.05,-0.1,0.035,0.065,0.0378,0.0453,-0.0028,0.0197,417,461,0.3865,0.4272,nan,UNKNOWN
16.606,0.05,-0.1,0.035,0.065,0.0378,0.0453,-0.0028,0.0197,417,461,0.3865,0.4272,nan,UNKNOWN
16.656,0.05,-0.1,0.035,0.065,0.0417,0.047,-0.0067,0.018,421,465,0.3902,0.4309,nan,UNKNOWN
16.706,0.05,-0.1,0.035,0.065,0.0417,0.047,-0.0067,0.018,421,465,0.3902,0.4309,nan,UNKNOWN
16.756,0.05,-0.1,0.035,0.065,0.0417,0.047,-0.0067,0.018,425,470,0.3939,0.4356,nan,UNKNOWN
16.806,0.05,-0.1,0.035,0.065,0.0417,0.047,-0.0067,0.018,425,470,0.3939,0.4356,nan,UNKNOWN
16.856,0.05,-0.1,0.035,0.065,0.0376,0.0468,-0.0026,0.0182,427,475,0.3957,0.4402,nan,UNKNOWN
16.906,0.05,-0.1,0.035,0.065,0.0376,0.0468,-0.0026,0.0182,427,475,0.3957,0.4402,nan,UNKNOWN
16.956,0.05,-0.1,0.035,0.065,0.0376,0.0468,-0.0026,0.0182,431,479,0.3994,0.4439,nan,UNKNOWN
17.006,0.05,-0.1,0.035,0.065,0.0376,0.0468,-0.0026,0.0182,431,479,0.3994,0.4439,nan,UNKNOWN
17.057,0.05,-0.1,0.035,0.065,0.0374,0.0453,-0.0024,0.0197,435,484,0.4031,0.4486,nan,UNKNOWN
17.106,0.05,-0.1,0.035,0.065,0.0374,0.0453,-0.0024,0.0197,435,484,0.4031,0.4486,nan,UNKNOWN
17.156,0.05,-0.1,0.035,0.065,0.0374,0.0453,-0.0024,0.0197,439,489,0.4069,0.4532,nan,UNKNOWN
17.206,0.05,-0.1,0.035,0.065,0.0374,0.0453,-0.0024,0.0197,439,489,0.4069,0.4532,nan,UNKNOWN
17.256,0.05,-0.1,0.035,0.065,0.0373,0.0456,-0.0023,0.0194,443,494,0.4106,0.4578,nan,UNKNOWN
17.306,0.05,-0.1,0.035,0.065,0.0373,0.0456,-0.0023,0.0194,443,494,0.4106,0.4578,nan,UNKNOWN
17.356,0.05,-0.1,0.035,0.065,0.0373,0.0456,-0.0023,0.0194,447,498,0.4143,0.4615,nan,UNKNOWN
17.406,0.05,-0.1,0.035,0.065,0.0373,0.0456,-0.0023,0.0194,447,498,0.4143,0.4615,nan,UNKNOWN
17.456,0.05,-0.1,0.035,0.065,0.0372,0.0444,-0.0022,0.0206,451,503,0.418,0.4662,nan,UNKNOWN
17.506,0.05,-0.1,0.035,0.065,0.0372,0.0444,-0.0022,0.0206,451,503,0.418,0.4662,nan,UNKNOWN
17.556,0.05,-0.1,0.035,0.065,0.0372,0.0444,-0.0022,0.0206,455,507,0.4217,0.4699,nan,UNKNOWN
17.606,0.05,-0.1,0.035,0.065,0.0372,0.0444,-0.0022,0.0206,455,507,0.4217,0.4699,nan,UNKNOWN
17.656,0.05,-0.1,0.035,0.065,0.0372,0.0444,-0.0022,0.0206,459,512,0.4254,0.4745,nan,UNKNOWN
17.706,0.05,-0.1,0.035,0.065,0.035,0.0411,0.0,0.0239,459,512,0.4254,0.4745,nan,UNKNOWN
17.756,0.05,-0.1,0.035,0.065,0.035,0.0411,0.0,0.0239,463,516,0.4291,0.4782,nan,UNKNOWN
17.806,0.05,-0.1,0.035,0.065,0.035,0.0411,0.0,0.0239,463,516,0.4291,0.4782,nan,UNKNOWN
17.856,0.05,-0.1,0.035,0.065,0.035,0.0411,0.0,0.0239,467,521,0.4328,0.4828,nan,UNKNOWN
17.906,0.05,-0.1,0.035,0.065,0.035,0.0411,0.0,0.0239,467,521,0.4328,0.4828,nan,UNKNOWN
17.956,0.05,-0.1,0.035,0.065,0.0378,0.0443,-0.0028,0.0207,471,526,0.4365,0.4875,nan,UNKNOWN
18.006,0.05,-0.1,0.035,0.065,0.0378,0.0443,-0.0028,0.0207,471,526,0.4365,0.4875,nan,UNKNOWN
18.057,0.05,-0.1,0.035,0.065,0.0378,0.0443,-0.0028,0.0207,474,530,0.4393,0.4912,nan,UNKNOWN
18.106,0.05,-0.1,0.035,0.065,0.0378,0.0443,-0.0028,0.0207,474,530,0.4393,0.4912,nan,UNKNOWN
18.156,0.05,-0.1,0.035,0.065,0.0378,0.0443,-0.0028,0.0207,478,534,0.443,0.4949,nan,UNKNOWN
18.206,0.05,-0.1,0.035,0.065,0.0343,0.0399,0.0007,0.0251,478,534,0.443,0.4949,nan,UNKNOWN
18.256,0.05,-0.1,0.035,0.065,0.0343,0.0399,0.0007,0.0251,482,538,0.4467,0.4986,nan,UNKNOWN
18.306,0.05,-0.1,0.035,0.065,0.0343,0.0399,0.0007,0.0251,482,538,0.4467,0.4986,nan,UNKNOWN
18.356,0.05,-0.1,0.035,0.065,0.0343,0.0399,0.0007,0.0251,486,543,0.4504,0.5032,nan,UNKNOWN
18.406,0.05,-0.1,0.035,0.065,0.0351,0.0405,-0.0001,0.0245,486,543,0.4504,0.5032,nan,UNKNOWN
18.456,0.05,-0.1,0.035,0.065,0.0351,0.0405,-0.0001,0.0245,489,547,0.4532,0.5069,nan,UNKNOWN
18.506,0.05,-0.1,0.035,0.065,0.0351,0.0405,-0.0001,0.0245,489,547,0.4532,0.5069,nan,UNKNOWN
18.556,0.05,-0.1,0.035,0.065,0.0351,0.0405,-0.0001,0.0245,493,551,0.4569,0.5107,nan,UNKNOWN
18.606,0.05,-0.1,0.035,0.065,0.0343,0.0394,0.0007,0.0256,493,551,0.4569,0.5107,nan,UNKNOWN
18.656,0.05,-0.1,0.035,0.065,0.0343,0.0394,0.0007,0.0256,496,556,0.4597,0.5153,nan,UNKNOWN
18.706,0.05,-0.1,0.035,0.065,0.0343,0.0394,0.0007,0.0256,496,556,0.4597,0.5153,nan,UNKNOWN
18.756,0.05,-0.1,0.035,0.065,0.0343,0.0394,0.0007,0.0256,500,560,0.4634,0.519,nan,UNKNOWN
18.806,0.05,-0.1,0.035,0.065,0.0337,0.0401,0.0013,0.0249,500,560,0.4634,0.519,nan,UNKNOWN
18.856,0.05,-0.1,0.035,0.065,0.0337,0.0401,0.0013,0.0249,504,565,0.4671,0.5236,nan,UNKNOWN
18.906,0.05,-0.1,0.035,0.065,0.0337,0.0401,0.0013,0.0249,504,565,0.4671,0.5236,nan,UNKNOWN
18.956,0.05,-0.1,0.035,0.065,0.0337,0.0401,0.0013,0.0249,507,569,0.4699,0.5273,nan,UNKNOWN
19.006,0.05,-0.1,0.035,0.065,0.0337,0.0401,0.0013,0.0249,507,569,0.4699,0.5273,nan,UNKNOWN
19.057,0.05,-0.1,0.035,0.065,0.0359,0.0425,-0.0009,0.0225,511,573,0.4736,0.531,nan,UNKNOWN
19.106,0.05,-0.1,0.035,0.065,0.0359,0.0425,-0.0009,0.0225,511,573,0.4736,0.531,nan,UNKNOWN
19.156,0.05,-0.1,0.0,0.0,0.0359,0.0425,-0.0359,-0.0425,515,573,0.4773,0.531,nan,UNKNOWN
19.206,0.05,-0.1,0.0,0.0,0.0359,0.0425,-0.0359,-0.0425,515,573,0.4773,0.531,nan,UNKNOWN
19.256,0.05,-0.1,0.0,0.0,0.0334,0.0284,-0.0334,-0.0284,517,572,0.4791,0.5301,nan,UNKNOWN
19.306,0.05,-0.1,0.0,0.0,0.0334,0.0284,-0.0334,-0.0284,517,572,0.4791,0.5301,nan,UNKNOWN
19.356,0.05,-0.1,0.0,0.0,0.0334,0.0284,-0.0334,-0.0284,517,572,0.4791,0.5301,nan,UNKNOWN
19.406,0.05,-0.1,0.0,0.0,0.0334,0.0284,-0.0334,-0.0284,517,572,0.4791,0.5301,nan,UNKNOWN
19.456,0.05,-0.1,0.0,0.0,0.0268,0.0227,-0.0268,-0.0227,517,572,0.4791,0.5301,nan,UNKNOWN
19.506,0.05,-0.1,0.0,0.0,0.0268,0.0227,-0.0268,-0.0227,517,572,0.4791,0.5301,nan,UNKNOWN
19.556,0.05,-0.1,0.0,0.0,0.0268,0.0227,-0.0268,-0.0227,517,572,0.4791,0.5301,nan,UNKNOWN
19.606,0.05,-0.1,0.0,0.0,0.0268,0.0227,-0.0268,-0.0227,517,572,0.4791,0.5301,nan,UNKNOWN
19.656,0.05,-0.1,0.0,0.0,0.0268,0.0227,-0.0268,-0.0227,517,572,0.4791,0.5301,nan,UNKNOWN
19.706,0.05,-0.1,0.0,0.0,0.0214,0.0182,-0.0214,-0.0182,517,572,0.4791,0.5301,nan,UNKNOWN
19.756,0.05,-0.1,0.0,0.0,0.0214,0.0182,-0.0214,-0.0182,517,572,0.4791,0.5301,nan,UNKNOWN
19.806,0.05,-0.1,0.0,0.0,0.0214,0.0182,-0.0214,-0.0182,517,572,0.4791,0.5301,nan,UNKNOWN
19.856,0.05,-0.1,0.0,0.0,0.0214,0.0182,-0.0214,-0.0182,517,572,0.4791,0.5301,nan,UNKNOWN
19.906,0.05,-0.1,0.0,0.0,0.0214,0.0182,-0.0214,-0.0182,517,572,0.4791,0.5301,nan,UNKNOWN
19.956,0.05,-0.1,0.0,0.0,0.0171,0.0145,-0.0171,-0.0145,517,572,0.4791,0.5301,nan,UNKNOWN
20.006,0.05,-0.1,0.0,0.0,0.0171,0.0145,-0.0171,-0.0145,517,572,0.4791,0.5301,nan,UNKNOWN
20.057,0.05,-0.1,0.0,0.0,0.0171,0.0145,-0.0171,-0.0145,517,572,0.4791,0.5301,nan,UNKNOWN
20.106,0.05,-0.1,0.0,0.0,0.0171,0.0145,-0.0171,-0.0145,517,572,0.4791,0.5301,nan,UNKNOWN
20.156,0.05,-0.1,0.0,0.0,0.0171,0.0145,-0.0171,-0.0145,517,572,0.4791,0.5301,nan,UNKNOWN
20.206,0.05,-0.1,0.0,0.0,0.0137,0.0116,-0.0137,-0.0116,517,572,0.4791,0.5301,nan,UNKNOWN
20.256,0.05,-0.1,0.0,0.0,0.0137,0.0116,-0.0137,-0.0116,517,572,0.4791,0.5301,nan,UNKNOWN
20.306,0.05,-0.1,0.0,0.0,0.0137,0.0116,-0.0137,-0.0116,517,572,0.4791,0.5301,nan,UNKNOWN
20.356,0.05,-0.1,0.0,0.0,0.0137,0.0116,-0.0137,-0.0116,517,572,0.4791,0.5301,nan,UNKNOWN
20.406,0.05,-0.1,0.0,0.0,0.011,0.0093,-0.011,-0.0093,517,572,0.4791,0.5301,nan,UNKNOWN
20.456,0.05,-0.1,0.0,0.0,0.011,0.0093,-0.011,-0.0093,517,572,0.4791,0.5301,nan,UNKNOWN
20.506,0.05,-0.1,0.0,0.0,0.011,0.0093,-0.011,-0.0093,517,572,0.4791,0.5301,nan,UNKNOWN
20.556,0.05,-0.1,0.0,0.0,0.011,0.0093,-0.011,-0.0093,517,572,0.4791,0.5301,nan,UNKNOWN
20.606,0.05,-0.1,0.0,0.0,0.011,0.0093,-0.011,-0.0093,517,572,0.4791,0.5301,nan,UNKNOWN
20.656,0.05,-0.1,0.0,0.0,0.0088,0.0074,-0.0088,-0.0074,517,572,0.4791,0.5301,nan,UNKNOWN
20.706,0.05,-0.1,0.0,0.0,0.0088,0.0074,-0.0088,-0.0074,517,572,0.4791,0.5301,nan,UNKNOWN
20.756,0.05,-0.1,0.0,0.0,0.0088,0.0074,-0.0088,-0.0074,517,572,0.4791,0.5301,nan,UNKNOWN
20.806,0.05,-0.1,0.0,0.0,0.0088,0.0074,-0.0088,-0.0074,517,572,0.4791,0.5301,nan,UNKNOWN
20.856,0.05,-0.1,0.0,0.0,0.007,0.006,-0.007,-0.006,517,572,0.4791,0.5301,nan,UNKNOWN
20.906,0.05,-0.1,0.0,0.0,0.007,0.006,-0.007,-0.006,517,572,0.4791,0.5301,nan,UNKNOWN
20.956,0.05,-0.1,0.0,0.0,0.007,0.006,-0.007,-0.006,517,572,0.4791,0.5301,nan,UNKNOWN
21.006,0.05,-0.1,0.0,0.0,0.007,0.006,-0.007,-0.006,517,572,0.4791,0.5301,nan,UNKNOWN
21.057,0.05,-0.1,0.0,0.0,0.0056,0.0048,-0.0056,-0.0048,517,572,0.4791,0.5301,nan,UNKNOWN
21.106,0.05,-0.1,0.0,0.0,0.0056,0.0048,-0.0056,-0.0048,517,572,0.4791,0.5301,nan,UNKNOWN
21.156,0.05,-0.1,0.0,0.0,0.0056,0.0048,-0.0056,-0.0048,517,572,0.4791,0.5301,nan,UNKNOWN
21.206,0.05,-0.1,0.0,0.0,0.0056,0.0048,-0.0056,-0.0048,517,572,0.4791,0.5301,nan,UNKNOWN
21.256,0.05,-0.1,0.0,0.0,0.0056,0.0048,-0.0056,-0.0048,517,572,0.4791,0.5301,nan,UNKNOWN
21.306,0.05,-0.1,0.0,0.0,0.0045,0.0038,-0.0045,-0.0038,517,572,0.4791,0.5301,nan,UNKNOWN
21.356,0.05,-0.1,0.0,0.0,0.0045,0.0038,-0.0045,-0.0038,517,572,0.4791,0.5301,nan,UNKNOWN
21.406,0.05,-0.1,0.0,0.0,0.0045,0.0038,-0.0045,-0.0038,517,572,0.4791,0.5301,nan,UNKNOWN
21.456,0.05,-0.1,0.0,0.0,0.0045,0.0038,-0.0045,-0.0038,517,572,0.4791,0.5301,nan,UNKNOWN
21.506,0.05,-0.1,0.0,0.0,0.0045,0.0038,-0.0045,-0.0038,517,572,0.4791,0.5301,nan,UNKNOWN
21.556,0.05,-0.1,0.0,0.0,0.0036,0.003,-0.0036,-0.003,517,572,0.4791,0.5301,nan,UNKNOWN
