time_sec,best_angle_rad,best_angle_deg,detected,weld_status,cmd_linear_x,cmd_angular_z,right_encoder_ticks,delta_encoder_ticks,delta_distance_m,total_distance_m,weld_found_count,no_weld_count,t_junction_count,timeout_count,error_count,unknown_status_count
0.028516054153442383,nan,nan,0,UNKNOWN,0.0,0.0,0,0,0.0,0.0,0,0,0,0,0,0
0.047963619232177734,nan,nan,0,UNKNOWN,0.0,0.0,0,0,0.0,0.0,0,0,0,0,0,0
0.06782078742980957,-0.12885433435440063,-7.382809530474727,1,UNKNOWN,0.0,0.0,0,0,0.0,0.0,0,0,0,0,0,0
0.08779788017272949,-0.12885433435440063,-7.382809530474727,1,UNKNOWN,0.0,0.0,0,0,0.0,0.0,0,0,0,0,0,0
0.10779786109924316,-0.12885433435440063,-7.382809530474727,1,WELD_FOUND,0.005,0.04055326635640673,0,0,0.0,0.0,1,0,0,0,0,0
0.12789273262023926,-0.12885433435440063,-7.382809530474727,1,WELD_FOUND,0.005,0.04055326635640673,0,0,0.0,0.0,1,0,0,0,0,0
0.14783310890197754,-0.12885433435440063,-7.382809530474727,1,WELD_FOUND,0.005,0.04055326635640673,0,0,0.0,0.0,1,0,0,0,0,0
0.1678147315979004,-0.13499026000499725,-7.7343721736599775,1,WELD_FOUND,0.005,0.04054202868542522,0,0,0.0,0.0,2,0,0,0,0,0
0.18777751922607422,-0.13499026000499725,-7.7343721736599775,1,WELD_FOUND,0.005,0.04054202868542522,0,0,0.0,0.0,2,0,0,0,0,0
0.20780491828918457,-0.13499026000499725,-7.7343721736599775,1,WELD_FOUND,0.005,0.04054202868542522,0,0,0.0,0.0,2,0,0,0,0,0
0.22781991958618164,-0.13499026000499725,-7.7343721736599775,1,WELD_FOUND,0.005,0.04054202868542522,0,0,0.0,0.0,2,0,0,0,0,0
0.24780058860778809,-0.13499026000499725,-7.7343721736599775,1,WELD_FOUND,0.005,0.04054202868542522,0,0,0.0,0.0,2,0,0,0,0,0
0.2678096294403076,-0.13499026000499725,-7.7343721736599775,1,WELD_FOUND,0.005,0.040533038548640016,0,0,0.0,0.0,3,0,0,0,0,0
0.28779053688049316,-0.13499026000499725,-7.7343721736599775,1,WELD_FOUND,0.005,0.040533038548640016,0,0,0.0,0.0,3,0,0,0,0,0
0.3078038692474365,-0.13499026000499725,-7.7343721736599775,1,WELD_FOUND,0.005,0.040533038548640016,0,0,0.0,0.0,3,0,0,0,0,0
0.3278324604034424,-0.13499026000499725,-7.7343721736599775,1,WELD_FOUND,0.005,0.040533038548640016,0,0,0.0,0.0,3,0,0,0,0,0
0.347806453704834,-0.13499026000499725,-7.7343721736599775,1,WELD_FOUND,0.005,0.040533038548640016,0,0,0.0,0.0,3,0,0,0,0,0
0.3677990436553955,-0.13499026000499725,-7.7343721736599775,1,WELD_FOUND,0.005,0.040525846439211845,0,0,0.0,0.0,4,0,0,0,0,0
0.38779258728027344,-0.13499026000499725,-7.7343721736599775,1,WELD_FOUND,0.005,0.040525846439211845,0,0,0.0,0.0,4,0,0,0,0,0
0.4077901840209961,-0.13499026000499725,-7.7343721736599775,1,WELD_FOUND,0.005,0.040525846439211845,0,0,0.0,0.0,4,0,0,0,0,0
0.42781925201416016,-0.13499026000499725,-7.7343721736599775,1,WELD_FOUND,0.005,0.040525846439211845,0,0,0.0,0.0,4,0,0,0,0,0
0.44780802726745605,-0.13499026000499725,-7.7343721736599775,1,WELD_FOUND,0.005,0.040525846439211845,0,0,0.0,0.0,4,0,0,0,0,0
0.46781015396118164,-0.12885433435440063,-7.382809530474727,1,WELD_FOUND,0.005,0.040151937212633514,0,0,0.0,0.0,5,0,0,0,0,0
0.48779773712158203,-0.12885433435440063,-7.382809530474727,1,WELD_FOUND,0.005,0.040151937212633514,0,0,0.0,0.0,5,0,0,0,0,0
0.507800817489624,-0.12885433435440063,-7.382809530474727,1,WELD_FOUND,0.005,0.040151937212633514,0,0,0.0,0.0,5,0,0,0,0,0
0.5278012752532959,-0.12885433435440063,-7.382809530474727,1,WELD_FOUND,0.005,0.040151937212633514,0,0,0.0,0.0,5,0,0,0,0,0
0.5477902889251709,-0.12885433435440063,-7.382809530474727,1,WELD_FOUND,0.005,0.040151937212633514,0,0,0.0,0.0,5,0,0,0,0,0
0.5677919387817383,-0.13499026000499725,-7.7343721736599775,1,WELD_FOUND,0.005,0.04022096537040665,0,0,0.0,0.0,6,0,0,0,0,0
0.5877928733825684,-0.13499026000499725,-7.7343721736599775,1,WELD_FOUND,0.005,0.04022096537040665,0,0,0.0,0.0,6,0,0,0,0,0
0.607792854309082,-0.13499026000499725,-7.7343721736599775,1,WELD_FOUND,0.005,0.04022096537040665,0,0,0.0,0.0,6,0,0,0,0,0
0.6277921199798584,-0.13499026000499725,-7.7343721736599775,1,WELD_FOUND,0.005,0.04022096537040665,0,0,0.0,0.0,6,0,0,0,0,0
0.6477844715118408,-0.13499026000499725,-7.7343721736599775,1,WELD_FOUND,0.005,0.04022096537040665,0,0,0.0,0.0,6,0,0,0,0,0
0.6678216457366943,-0.13499026000499725,-7.7343721736599775,1,WELD_FOUND,0.005,0.04027618789662515,0,0,0.0,0.0,7,0,0,0,0,0
0.6877813339233398,-0.13499026000499725,-7.7343721736599775,1,WELD_FOUND,0.005,0.04027618789662515,0,0,0.0,0.0,7,0,0,0,0,0
0.7077994346618652,-0.13499026000499725,-7.7343721736599775,1,WELD_FOUND,0.005,0.04027618789662515,0,0,0.0,0.0,7,0,0,0,0,0
0.727790355682373,-0.13499026000499725,-7.7343721736599775,1,WELD_FOUND,0.005,0.04027618789662515,0,0,0.0,0.0,7,0,0,0,0,0
0.74778151512146,-0.13499026000499725,-7.7343721736599775,1,WELD_FOUND,0.005,0.04027618789662515,0,0,0.0,0.0,7,0,0,0,0,0
0.7677714824676514,-0.13499026000499725,-7.7343721736599775,1,WELD_FOUND,0.005,0.04032036591759996,0,0,0.0,0.0,8,0,0,0,0,0
0.7878026962280273,-0.13499026000499725,-7.7343721736599775,1,WELD_FOUND,0.005,0.04032036591759996,0,0,0.0,0.0,8,0,0,0,0,0
0.8077907562255859,-0.13499026000499725,-7.7343721736599775,1,WELD_FOUND,0.005,0.04032036591759996,0,0,0.0,0.0,8,0,0,0,0,0
0.827789306640625,-0.13499026000499725,-7.7343721736599775,1,WELD_FOUND,0.005,0.04032036591759996,0,0,0.0,0.0,8,0,0,0,0,0
0.847794771194458,-0.13499026000499725,-7.7343721736599775,1,WELD_FOUND,0.005,0.04032036591759996,0,0,0.0,0.0,8,0,0,0,0,0
0.867804765701294,-0.13499026000499725,-7.7343721736599775,1,WELD_FOUND,0.005,0.0403557083343798,0,0,0.0,0.0,9,0,0,0,0,0
0.8878099918365479,-0.13499026000499725,-7.7343721736599775,1,WELD_FOUND,0.005,0.0403557083343798,0,0,0.0,0.0,9,0,0,0,0,0
0.9078066349029541,-0.13499026000499725,-7.7343721736599775,1,WELD_FOUND,0.005,0.0403557083343798,0,0,0.0,0.0,9,0,0,0,0,0
0.9278452396392822,-0.13499026000499725,-7.7343721736599775,1,WELD_FOUND,0.005,0.0403557083343798,0,0,0.0,0.0,9,0,0,0,0,0
0.9478299617767334,-0.13499026000499725,-7.7343721736599775,1,WELD_FOUND,0.005,0.0403557083343798,0,0,0.0,0.0,9,0,0,0,0,0
0.9678070545196533,-0.13499026000499725,-7.7343721736599775,1,WELD_FOUND,0.005,0.04038398226780368,0,0,0.0,0.0,10,0,0,0,0,0
0.9877948760986328,-0.13499026000499725,-7.7343721736599775,1,WELD_FOUND,0.005,0.04038398226780368,0,0,0.0,0.0,10,0,0,0,0,0
1.0077924728393555,-0.13499026000499725,-7.7343721736599775,1,WELD_FOUND,0.005,0.04038398226780368,0,0,0.0,0.0,10,0,0,0,0,0
1.027789831161499,-0.13499026000499725,-7.7343721736599775,1,WELD_FOUND,0.005,0.04038398226780368,0,0,0.0,0.0,10,0,0,0,0,0
1.0478005409240723,-0.13499026000499725,-7.7343721736599775,1,WELD_FOUND,0.005,0.04038398226780368,0,0,0.0,0.0,10,0,0,0,0,0
1.067800521850586,-0.13499026000499725,-7.7343721736599775,1,WELD_FOUND,0.005,0.040406601414542775,0,0,0.0,0.0,11,0,0,0,0,0
1.0878105163574219,-0.13499026000499725,-7.7343721736599775,1,WELD_FOUND,0.005,0.040406601414542775,0,0,0.0,0.0,11,0,0,0,0,0
1.1078009605407715,-0.13499026000499725,-7.7343721736599775,1,WELD_FOUND,0.005,0.040406601414542775,0,0,0.0,0.0,11,0,0,0,0,0
1.1277961730957031,-0.13499026000499725,-7.7343721736599775,1,WELD_FOUND,0.005,0.040406601414542775,0,0,0.0,0.0,11,0,0,0,0,0
1.1478159427642822,-0.13499026000499725,-7.7343721736599775,1,WELD_FOUND,0.005,0.040406601414542775,0,0,0.0,0.0,11,0,0,0,0,0
1.1678297519683838,-0.13499026000499725,-7.7343721736599775,1,WELD_FOUND,0.005,0.04042469673193406,0,0,0.0,0.0,12,0,0,0,0,0
1.1878046989440918,-0.13499026000499725,-7.7343721736599775,1,WELD_FOUND,0.005,0.04042469673193406,0,0,0.0,0.0,12,0,0,0,0,0
1.207789659500122,-0.13499026000499725,-7.7343721736599775,1,WELD_FOUND,0.005,0.04042469673193406,0,0,0.0,0.0,12,0,0,0,0,0
1.2278099060058594,-0.13499026000499725,-7.7343721736599775,1,WELD_FOUND,0.005,0.04042469673193406,0,0,0.0,0.0,12,0,0,0,0,0
1.2478158473968506,-0.13499026000499725,-7.7343721736599775,1,WELD_FOUND,0.005,0.04042469673193406,0,0,0.0,0.0,12,0,0,0,0,0
1.2678284645080566,-0.1472620964050293,-8.43749660625683,1,WELD_FOUND,0.005,0.04117548316984901,0,0,0.0,0.0,13,0,0,0,0,0
1.2877984046936035,-0.1472620964050293,-8.43749660625683,1,WELD_FOUND,0.005,0.04117548316984901,0,0,0.0,0.0,13,0,0,0,0,0
1.3078064918518066,-0.1472620964050293,-8.43749660625683,1,WELD_FOUND,0.005,0.04117548316984901,0,0,0.0,0.0,13,0,0,0,0,0
1.3278191089630127,-0.1472620964050293,-8.43749660625683,1,WELD_FOUND,0.005,0.04117548316984901,0,0,0.0,0.0,13,0,0,0,0,0
1.3478124141693115,-0.1472620964050293,-8.43749660625683,1,WELD_FOUND,0.005,0.04117548316984901,0,0,0.0,0.0,13,0,0,0,0,0
1.3678197860717773,-0.12271840870380402,-7.031246887289478,1,WELD_FOUND,0.005,0.040303491058107446,0,0,0.0,0.0,14,0,0,0,0,0
1.3877921104431152,-0.12271840870380402,-7.031246887289478,1,WELD_FOUND,0.005,0.040303491058107446,0,0,0.0,0.0,14,0,0,0,0,0
1.4078021049499512,-0.12271840870380402,-7.031246887289478,1,WELD_FOUND,0.005,0.040303491058107446,0,0,0.0,0.0,14,0,0,0,0,0
1.4277966022491455,-0.12271840870380402,-7.031246887289478,1,WELD_FOUND,0.005,0.040303491058107446,0,0,0.0,0.0,14,0,0,0,0,0
1.4477941989898682,-0.12271840870380402,-7.031246887289478,1,WELD_FOUND,0.005,0.040303491058107446,0,0,0.0,0.0,14,0,0,0,0,0
1.467827320098877,-0.15339802205562592,-8.789059249442081,1,WELD_FOUND,0.005,0.041446674169823505,0,0,0.0,0.0,15,0,0,0,0,0
1.4878084659576416,-0.15339802205562592,-8.789059249442081,1,WELD_FOUND,0.005,0.041446674169823505,0,0,0.0,0.0,15,0,0,0,0,0
1.5077896118164062,-0.15339802205562592,-8.789059249442081,1,WELD_FOUND,0.005,0.041446674169823505,0,0,0.0,0.0,15,0,0,0,0,0
1.527796983718872,-0.15339802205562592,-8.789059249442081,1,WELD_FOUND,0.005,0.041446674169823505,0,0,0.0,0.0,15,0,0,0,0,0
1.5477931499481201,-0.15339802205562592,-8.789059249442081,1,WELD_FOUND,0.005,0.041446674169823505,0,0,0.0,0.0,15,0,0,0,0,0
1.56783127784729,-0.13499026000499725,-7.7343721736599775,1,WELD_FOUND,0.005,0.041256754936158636,0,0,0.0,0.0,16,0,0,0,0,0
1.5877971649169922,-0.13499026000499725,-7.7343721736599775,1,WELD_FOUND,0.005,0.041256754936158636,0,0,0.0,0.0,16,0,0,0,0,0
1.6077985763549805,-0.13499026000499725,-7.7343721736599775,1,WELD_FOUND,0.005,0.041256754936158636,0,0,0.0,0.0,16,0,0,0,0,0
1.6278345584869385,-0.13499026000499725,-7.7343721736599775,1,WELD_FOUND,0.005,0.041256754936158636,0,0,0.0,0.0,16,0,0,0,0,0
1.6477971076965332,-0.13499026000499725,-7.7343721736599775,1,WELD_FOUND,0.005,0.041256754936158636,0,0,0.0,0.0,16,0,0,0,0,0
1.6678104400634766,-0.14112617075443268,-8.085933963071582,1,WELD_FOUND,0.005,0.04147297419419287,0,0,0.0,0.0,17,0,0,0,0,0
1.6877937316894531,-0.14112617075443268,-8.085933963071582,1,WELD_FOUND,0.005,0.04147297419419287,0,0,0.0,0.0,17,0,0,0,0,0
1.7078022956848145,-0.14112617075443268,-8.085933963071582,1,WELD_FOUND,0.005,0.04147297419419287,0,0,0.0,0.0,17,0,0,0,0,0
1.7278852462768555,-0.14112617075443268,-8.085933963071582,1,WELD_FOUND,0.005,0.04147297419419287,0,0,0.0,0.0,17,0,0,0,0,0
1.7478485107421875,-0.14112617075443268,-8.085933963071582,1,WELD_FOUND,0.005,0.04147297419419287,0,0,0.0,0.0,17,0,0,0,0,0
1.7678537368774414,-0.14112617075443268,-8.085933963071582,1,WELD_FOUND,0.005,0.04164594960062026,0,0,0.0,0.0,18,0,0,0,0,0
1.7878503799438477,-0.14112617075443268,-8.085933963071582,1,WELD_FOUND,0.005,0.04164594960062026,0,0,0.0,0.0,18,0,0,0,0,0
1.8078396320343018,-0.14112617075443268,-8.085933963071582,1,WELD_FOUND,0.005,0.04164594960062026,0,0,0.0,0.0,18,0,0,0,0,0
1.827836513519287,-0.14112617075443268,-8.085933963071582,1,WELD_FOUND,0.005,0.04164594960062026,0,0,0.0,0.0,18,0,0,0,0,0
1.8478491306304932,-0.14112617075443268,-8.085933963071582,1,WELD_FOUND,0.005,0.04164594960062026,0,0,0.0,0.0,18,0,0,0,0,0
1.8677678108215332,-0.13499026000499725,-7.7343721736599775,1,WELD_FOUND,0.005,0.041416175280796046,0,0,0.0,0.0,19,0,0,0,0,0
1.8878328800201416,-0.13499026000499725,-7.7343721736599775,1,WELD_FOUND,0.005,0.041416175280796046,0,0,0.0,0.0,19,0,0,0,0,0
1.9079060554504395,-0.13499026000499725,-7.7343721736599775,1,WELD_FOUND,0.005,0.041416175280796046,0,0,0.0,0.0,19,0,0,0,0,0
1.927865982055664,-0.13499026000499725,-7.7343721736599775,1,WELD_FOUND,0.005,0.041416175280796046,0,0,0.0,0.0,19,0,0,0,0,0
1.9478235244750977,-0.13499026000499725,-7.7343721736599775,1,WELD_FOUND,0.005,0.041416175280796046,0,0,0.0,0.0,19,0,0,0,0,0
1.9677879810333252,-0.12885433435440063,-7.382809530474727,1,WELD_FOUND,0.005,0.04086420028590087,0,0,0.0,0.0,20,0,0,0,0,0
1.9877846240997314,-0.12885433435440063,-7.382809530474727,1,WELD_FOUND,0.005,0.04086420028590087,0,0,0.0,0.0,20,0,0,0,0,0
2.0078086853027344,-0.12885433435440063,-7.382809530474727,1,WELD_FOUND,0.005,0.04086420028590087,0,0,0.0,0.0,20,0,0,0,0,0
2.02789568901062,-0.12885433435440063,-7.382809530474727,1,WELD_FOUND,0.005,0.04086420028590087,0,0,0.0,0.0,20,0,0,0,0,0
2.0478365421295166,-0.12885433435440063,-7.382809530474727,1,WELD_FOUND,0.005,0.04086420028590087,0,0,0.0,0.0,20,0,0,0,0,0
2.067854404449463,-0.13499026000499725,-7.7343721736599775,1,WELD_FOUND,0.005,0.04079077582902053,0,0,0.0,0.0,21,0,0,0,0,0
2.0878958702087402,-0.13499026000499725,-7.7343721736599775,1,WELD_FOUND,0.005,0.04079077582902053,0,0,0.0,0.0,21,0,0,0,0,0
2.107816219329834,-0.13499026000499725,-7.7343721736599775,1,WELD_FOUND,0.005,0.04079077582902053,0,0,0.0,0.0,21,0,0,0,0,0
2.1278798580169678,-0.13499026000499725,-7.7343721736599775,1,WELD_FOUND,0.005,0.04079077582902053,0,0,0.0,0.0,21,0,0,0,0,0
2.1478705406188965,-0.13499026000499725,-7.7343721736599775,1,WELD_FOUND,0.005,0.04079077582902053,0,0,0.0,0.0,21,0,0,0,0,0
2.1678082942962646,-0.13499026000499725,-7.7343721736599775,1,WELD_FOUND,0.005,0.040732036263516264,0,0,0.0,0.0,22,0,0,0,0,0
2.1879444122314453,-0.13499026000499725,-7.7343721736599775,1,WELD_FOUND,0.005,0.040732036263516264,0,0,0.0,0.0,22,0,0,0,0,0
2.2078840732574463,-0.13499026000499725,-7.7343721736599775,1,WELD_FOUND,0.005,0.040732036263516264,0,0,0.0,0.0,22,0,0,0,0,0
2.227874755859375,-0.13499026000499725,-7.7343721736599775,1,WELD_FOUND,0.005,0.040732036263516264,0,0,0.0,0.0,22,0,0,0,0,0
2.2478792667388916,-0.13499026000499725,-7.7343721736599775,1,WELD_FOUND,0.005,0.040732036263516264,0,0,0.0,0.0,22,0,0,0,0,0
2.2678370475769043,-0.12885433435440063,-7.382809530474727,1,WELD_FOUND,0.005,0.04031688907207705,0,0,0.0,0.0,23,0,0,0,0,0
2.2878267765045166,-0.12885433435440063,-7.382809530474727,1,WELD_FOUND,0.005,0.04031688907207705,0,0,0.0,0.0,23,0,0,0,0,0
2.307861804962158,-0.12885433435440063,-7.382809530474727,1,WELD_FOUND,0.005,0.04031688907207705,0,0,0.0,0.0,23,0,0,0,0,0
2.3278284072875977,-0.12885433435440063,-7.382809530474727,1,WELD_FOUND,0.005,0.04031688907207705,0,0,0.0,0.0,23,0,0,0,0,0
2.347839593887329,-0.12885433435440063,-7.382809530474727,1,WELD_FOUND,0.005,0.04031688907207705,0,0,0.0,0.0,23,0,0,0,0,0
2.36790132522583,-0.1472620964050293,-8.43749660625683,1,WELD_FOUND,0.005,0.0410892370419634,0,0,0.0,0.0,24,0,0,0,0,0
2.3878207206726074,-0.1472620964050293,-8.43749660625683,1,WELD_FOUND,0.005,0.0410892370419634,0,0,0.0,0.0,24,0,0,0,0,0
2.4079020023345947,-0.1472620964050293,-8.43749660625683,1,WELD_FOUND,0.005,0.0410892370419634,0,0,0.0,0.0,24,0,0,0,0,0
2.427830457687378,-0.1472620964050293,-8.43749660625683,1,WELD_FOUND,0.005,0.0410892370419634,0,0,0.0,0.0,24,0,0,0,0,0
2.4478626251220703,-0.1472620964050293,-8.43749660625683,1,WELD_FOUND,0.005,0.0410892370419634,0,0,0.0,0.0,24,0,0,0,0,0
2.4677984714508057,-0.12885433435440063,-7.382809530474727,1,WELD_FOUND,0.005,0.04060264969483475,0,0,0.0,0.0,25,0,0,0,0,0
2.4878296852111816,-0.12885433435440063,-7.382809530474727,1,WELD_FOUND,0.005,0.04060264969483475,0,0,0.0,0.0,25,0,0,0,0,0
2.507816791534424,-0.12885433435440063,-7.382809530474727,1,WELD_FOUND,0.005,0.04060264969483475,0,0,0.0,0.0,25,0,0,0,0,0
2.5278632640838623,-0.12885433435440063,-7.382809530474727,1,WELD_FOUND,0.005,0.04060264969483475,0,0,0.0,0.0,25,0,0,0,0,0
2.547907590866089,-0.12885433435440063,-7.382809530474727,1,WELD_FOUND,0.005,0.04060264969483475,0,0,0.0,0.0,25,0,0,0,0,0
2.567864179611206,-0.12885433435440063,-7.382809530474727,1,WELD_FOUND,0.005,0.04021337981713184,0,0,0.0,0.0,26,0,0,0,0,0
2.587831735610962,-0.12885433435440063,-7.382809530474727,1,WELD_FOUND,0.005,0.04021337981713184,0,0,0.0,0.0,26,0,0,0,0,0
2.6078739166259766,-0.12885433435440063,-7.382809530474727,1,WELD_FOUND,0.005,0.04021337981713184,0,0,0.0,0.0,26,0,0,0,0,0
2.6279098987579346,-0.12885433435440063,-7.382809530474727,1,WELD_FOUND,0.005,0.04021337981713184,0,0,0.0,0.0,26,0,0,0,0,0
2.6478679180145264,-0.12885433435440063,-7.382809530474727,1,WELD_FOUND,0.005,0.04021337981713184,0,0,0.0,0.0,26,0,0,0,0,0
2.667797803878784,-0.14112617075443268,-8.085933963071582,1,WELD_FOUND,0.005,0.04063827409897144,0,0,0.0,0.0,27,0,0,0,0,0
2.6877999305725098,-0.14112617075443268,-8.085933963071582,1,WELD_FOUND,0.005,0.04063827409897144,0,0,0.0,0.0,27,0,0,0,0,0
2.7077951431274414,-0.14112617075443268,-8.085933963071582,1,WELD_FOUND,0.005,0.04063827409897144,0,0,0.0,0.0,27,0,0,0,0,0
2.7277939319610596,-0.14112617075443268,-8.085933963071582,1,WELD_FOUND,0.005,0.04063827409897144,0,0,0.0,0.0,27,0,0,0,0,0
2.7477965354919434,-0.14112617075443268,-8.085933963071582,1,WELD_FOUND,0.005,0.04063827409897144,0,0,0.0,0.0,27,0,0,0,0,0
2.7678208351135254,-0.13499026000499725,-7.7343721736599775,1,WELD_FOUND,0.005,0.04061003487947698,0,0,0.0,0.0,28,0,0,0,0,0
2.787814140319824,-0.13499026000499725,-7.7343721736599775,1,WELD_FOUND,0.005,0.04061003487947698,0,0,0.0,0.0,28,0,0,0,0,0
2.8078057765960693,-0.13499026000499725,-7.7343721736599775,1,WELD_FOUND,0.005,0.04061003487947698,0,0,0.0,0.0,28,0,0,0,0,0
2.827791213989258,-0.13499026000499725,-7.7343721736599775,1,WELD_FOUND,0.005,0.04061003487947698,0,0,0.0,0.0,28,0,0,0,0,0
2.84788179397583,-0.13499026000499725,-7.7343721736599775,1,WELD_FOUND,0.005,0.04061003487947698,0,0,0.0,0.0,28,0,0,0,0,0
2.8678035736083984,-0.14112617075443268,-8.085933963071582,1,WELD_FOUND,0.005,0.04095559814884755,0,0,0.0,0.0,29,0,0,0,0,0
2.887800455093384,-0.14112617075443268,-8.085933963071582,1,WELD_FOUND,0.005,0.04095559814884755,0,0,0.0,0.0,29,0,0,0,0,0
2.9078121185302734,-0.14112617075443268,-8.085933963071582,1,WELD_FOUND,0.005,0.04095559814884755,0,0,0.0,0.0,29,0,0,0,0,0
2.927828311920166,-0.14112617075443268,-8.085933963071582,1,WELD_FOUND,0.005,0.04095559814884755,0,0,0.0,0.0,29,0,0,0,0,0
2.947878837585449,-0.14112617075443268,-8.085933963071582,1,WELD_FOUND,0.005,0.04095559814884755,0,0,0.0,0.0,29,0,0,0,0,0
2.9678187370300293,-0.13499026000499725,-7.7343721736599775,1,WELD_FOUND,0.005,0.04086389411937787,0,0,0.0,0.0,30,0,0,0,0,0
2.9878149032592773,-0.13499026000499725,-7.7343721736599775,1,WELD_FOUND,0.005,0.04086389411937787,0,0,0.0,0.0,30,0,0,0,0,0
3.0078017711639404,-0.13499026000499725,-7.7343721736599775,1,WELD_FOUND,0.005,0.04086389411937787,0,0,0.0,0.0,30,0,0,0,0,0
3.027984380722046,-0.13499026000499725,-7.7343721736599775,1,WELD_FOUND,0.005,0.04086389411937787,0,0,0.0,0.0,30,0,0,0,0,0
3.047882556915283,-0.13499026000499725,-7.7343721736599775,1,WELD_FOUND,0.005,0.04086389411937787,0,0,0.0,0.0,30,0,0,0,0,0
3.0678043365478516,-0.13499026000499725,-7.7343721736599775,1,WELD_FOUND,0.005,0.04079053089580213,0,0,0.0,0.0,31,0,0,0,0,0
3.0878331661224365,-0.13499026000499725,-7.7343721736599775,1,WELD_FOUND,0.005,0.04079053089580213,0,0,0.0,0.0,31,0,0,0,0,0
3.107841968536377,-0.13499026000499725,-7.7343721736599775,1,WELD_FOUND,0.005,0.04079053089580213,0,0,0.0,0.0,31,0,0,0,0,0
3.127812623977661,-0.13499026000499725,-7.7343721736599775,1,WELD_FOUND,0.005,0.04079053089580213,0,0,0.0,0.0,31,0,0,0,0,0
3.147798776626587,-0.13499026000499725,-7.7343721736599775,1,WELD_FOUND,0.005,0.04079053089580213,0,0,0.0,0.0,31,0,0,0,0,0
3.1678154468536377,-0.14112617075443268,-8.085933963071582,1,WELD_FOUND,0.005,0.041099994961907665,0,0,0.0,0.0,32,0,0,0,0,0
3.187812089920044,-0.14112617075443268,-8.085933963071582,1,WELD_FOUND,0.005,0.041099994961907665,0,0,0.0,0.0,32,0,0,0,0,0
3.207794427871704,-0.14112617075443268,-8.085933963071582,1,WELD_FOUND,0.005,0.041099994961907665,0,0,0.0,0.0,32,0,0,0,0,0
3.2278003692626953,-0.14112617075443268,-8.085933963071582,1,WELD_FOUND,0.005,0.041099994961907665,0,0,0.0,0.0,32,0,0,0,0,0
3.2477996349334717,-0.14112617075443268,-8.085933963071582,1,WELD_FOUND,0.005,0.041099994961907665,0,0,0.0,0.0,32,0,0,0,0,0
3.267843723297119,-0.14112617075443268,-8.085933963071582,1,WELD_FOUND,0.005,0.041347566214792096,0,0,0.0,0.0,33,0,0,0,0,0
3.287787914276123,-0.14112617075443268,-8.085933963071582,1,WELD_FOUND,0.005,0.041347566214792096,0,0,0.0,0.0,33,0,0,0,0,0
3.307785987854004,-0.14112617075443268,-8.085933963071582,1,WELD_FOUND,0.005,0.041347566214792096,0,0,0.0,0.0,33,0,0,0,0,0
3.3277924060821533,-0.14112617075443268,-8.085933963071582,1,WELD_FOUND,0.005,0.041347566214792096,0,0,0.0,0.0,33,0,0,0,0,0
3.3477914333343506,-0.14112617075443268,-8.085933963071582,1,WELD_FOUND,0.005,0.041347566214792096,0,0,0.0,0.0,33,0,0,0,0,0
3.3678348064422607,-0.1472620964050293,-8.43749660625683,1,WELD_FOUND,0.005,0.04191377875613544,0,0,0.0,0.0,34,0,0,0,0,0
3.3878066539764404,-0.1472620964050293,-8.43749660625683,1,WELD_FOUND,0.005,0.04191377875613544,0,0,0.0,0.0,34,0,0,0,0,0
3.4077839851379395,-0.1472620964050293,-8.43749660625683,1,WELD_FOUND,0.005,0.04191377875613544,0,0,0.0,0.0,34,0,0,0,0,0
3.4278697967529297,-0.1472620964050293,-8.43749660625683,1,WELD_FOUND,0.005,0.04191377875613544,0,0,0.0,0.0,34,0,0,0,0,0
3.4478158950805664,-0.1472620964050293,-8.43749660625683,1,WELD_FOUND,0.005,0.04191377875613544,0,0,0.0,0.0,34,0,0,0,0,0
3.467961311340332,-0.14112617075443268,-8.085933963071582,1,WELD_FOUND,0.005,0.041998593250174306,0,0,0.0,0.0,35,0,0,0,0,0
3.487800121307373,-0.14112617075443268,-8.085933963071582,1,WELD_FOUND,0.005,0.041998593250174306,0,0,0.0,0.0,35,0,0,0,0,0
3.5078165531158447,-0.14112617075443268,-8.085933963071582,1,WELD_FOUND,0.005,0.041998593250174306,0,0,0.0,0.0,35,0,0,0,0,0
3.5277905464172363,-0.14112617075443268,-8.085933963071582,1,WELD_FOUND,0.005,0.041998593250174306,0,0,0.0,0.0,35,0,0,0,0,0
3.5478904247283936,-0.14112617075443268,-8.085933963071582,1,WELD_FOUND,0.005,0.041998593250174306,0,0,0.0,0.0,35,0,0,0,0,0
3.567843437194824,-0.13499026000499725,-7.7343721736599775,1,WELD_FOUND,0.005,0.04169829020043928,0,0,0.0,0.0,36,0,0,0,0,0
3.587794065475464,-0.13499026000499725,-7.7343721736599775,1,WELD_FOUND,0.005,0.04169829020043928,0,0,0.0,0.0,36,0,0,0,0,0
3.607861280441284,-0.13499026000499725,-7.7343721736599775,1,WELD_FOUND,0.005,0.04169829020043928,0,0,0.0,0.0,36,0,0,0,0,0
3.627833604812622,-0.13499026000499725,-7.7343721736599775,1,WELD_FOUND,0.005,0.04169829020043928,0,0,0.0,0.0,36,0,0,0,0,0
3.6478114128112793,-0.13499026000499725,-7.7343721736599775,1,WELD_FOUND,0.005,0.04169829020043928,0,0,0.0,0.0,36,0,0,0,0,0
3.667804002761841,-0.12885433435440063,-7.382809530474727,1,WELD_FOUND,0.005,0.04108989222161547,0,0,0.0,0.0,37,0,0,0,0,0
3.687859058380127,-0.12885433435440063,-7.382809530474727,1,WELD_FOUND,0.005,0.04108989222161547,0,0,0.0,0.0,37,0,0,0,0,0
3.7078115940093994,-0.12885433435440063,-7.382809530474727,1,WELD_FOUND,0.005,0.04108989222161547,0,0,0.0,0.0,37,0,0,0,0,0
3.7277941703796387,-0.12885433435440063,-7.382809530474727,1,WELD_FOUND,0.005,0.04108989222161547,0,0,0.0,0.0,37,0,0,0,0,0
3.7477900981903076,-0.12885433435440063,-7.382809530474727,1,WELD_FOUND,0.005,0.04108989222161547,0,0,0.0,0.0,37,0,0,0,0,0
3.7678351402282715,-0.14112617075443268,-8.085933963071582,1,WELD_FOUND,0.005,0.04133948402255833,0,0,0.0,0.0,38,0,0,0,0,0
3.787785768508911,-0.14112617075443268,-8.085933963071582,1,WELD_FOUND,0.005,0.04133948402255833,0,0,0.0,0.0,38,0,0,0,0,0
3.8077809810638428,-0.14112617075443268,-8.085933963071582,1,WELD_FOUND,0.005,0.04133948402255833,0,0,0.0,0.0,38,0,0,0,0,0
3.82778263092041,-0.14112617075443268,-8.085933963071582,1,WELD_FOUND,0.005,0.04133948402255833,0,0,0.0,0.0,38,0,0,0,0,0
3.8477866649627686,-0.14112617075443268,-8.085933963071582,1,WELD_FOUND,0.005,0.04133948402255833,0,0,0.0,0.0,38,0,0,0,0,0
3.868051528930664,-0.14112617075443268,-8.085933963071582,1,WELD_FOUND,0.005,0.041539157463312625,0,0,0.0,0.0,39,0,0,0,0,0
3.8878116607666016,-0.14112617075443268,-8.085933963071582,1,WELD_FOUND,0.005,0.041539157463312625,0,0,0.0,0.0,39,0,0,0,0,0
3.907794713973999,-0.14112617075443268,-8.085933963071582,1,WELD_FOUND,0.005,0.041539157463312625,0,0,0.0,0.0,39,0,0,0,0,0
3.9277966022491455,-0.14112617075443268,-8.085933963071582,1,WELD_FOUND,0.005,0.041539157463312625,0,0,0.0,0.0,39,0,0,0,0,0
3.9478116035461426,-0.14112617075443268,-8.085933963071582,1,WELD_FOUND,0.005,0.041539157463312625,0,0,0.0,0.0,39,0,0,0,0,0
3.967973232269287,-0.13499026000499725,-7.7343721736599775,1,WELD_FOUND,0.005,0.04133074157094994,0,0,0.0,0.0,40,0,0,0,0,0
3.987886428833008,-0.13499026000499725,-7.7343721736599775,1,WELD_FOUND,0.005,0.04133074157094994,0,0,0.0,0.0,40,0,0,0,0,0
4.007796764373779,-0.13499026000499725,-7.7343721736599775,1,WELD_FOUND,0.005,0.04133074157094994,0,0,0.0,0.0,40,0,0,0,0,0
4.027795076370239,-0.13499026000499725,-7.7343721736599775,1,WELD_FOUND,0.005,0.04133074157094994,0,0,0.0,0.0,40,0,0,0,0,0
4.047788381576538,-0.13499026000499725,-7.7343721736599775,1,WELD_FOUND,0.005,0.04133074157094994,0,0,0.0,0.0,40,0,0,0,0,0
4.067831039428711,-0.13499026000499725,-7.7343721736599775,1,WELD_FOUND,0.005,0.04133074157094994,0,0,0.0,0.0,40,0,0,0,0,0
4.087832927703857,-0.13499026000499725,-7.7343721736599775,1,WELD_FOUND,0.005,0.04133074157094994,0,0,0.0,0.0,40,0,0,0,0,0
4.107789039611816,-0.13499026000499725,-7.7343721736599775,1,WELD_FOUND,0.005,0.04133074157094994,0,0,0.0,0.0,40,0,0,0,0,0
4.127788066864014,-0.13499026000499725,-7.7343721736599775,1,WELD_FOUND,0.005,0.04133074157094994,0,0,0.0,0.0,40,0,0,0,0,0
4.147785902023315,-0.13499026000499725,-7.7343721736599775,1,WELD_FOUND,0.005,0.04133074157094994,0,0,0.0,0.0,40,0,0,0,0,0
4.167814016342163,-0.13499026000499725,-7.7343721736599775,1,WELD_FOUND,0.005,0.04133074157094994,0,0,0.0,0.0,40,0,0,0,0,0
4.1877875328063965,-0.13499026000499725,-7.7343721736599775,1,WELD_FOUND,0.005,0.04133074157094994,0,0,0.0,0.0,40,0,0,0,0,0
4.2077860832214355,-0.13499026000499725,-7.7343721736599775,1,WELD_FOUND,0.005,0.04133074157094994,0,0,0.0,0.0,40,0,0,0,0,0
4.227782249450684,-0.13499026000499725,-7.7343721736599775,1,WELD_FOUND,0.005,0.04133074157094994,0,0,0.0,0.0,40,0,0,0,0,0
4.247786521911621,-0.13499026000499725,-7.7343721736599775,1,WELD_FOUND,0.005,0.04133074157094994,0,0,0.0,0.0,40,0,0,0,0,0
4.26780891418457,-0.13499026000499725,-7.7343721736599775,1,WELD_FOUND,0.005,0.04133074157094994,0,0,0.0,0.0,40,0,0,0,0,0
4.287787914276123,-0.13499026000499725,-7.7343721736599775,1,WELD_FOUND,0.005,0.04133074157094994,0,0,0.0,0.0,40,0,0,0,0,0
4.307798147201538,-0.13499026000499725,-7.7343721736599775,1,WELD_FOUND,0.005,0.04133074157094994,0,0,0.0,0.0,40,0,0,0,0,0
4.327780723571777,-0.1472620964050293,-8.43749660625683,1,WELD_FOUND,0.005,0.04160131847460957,0,0,0.0,0.0,43,0,0,0,0,0
4.347792387008667,-0.1472620964050293,-8.43749660625683,1,WELD_FOUND,0.005,0.04160131847460957,0,0,0.0,0.0,43,0,0,0,0,0
4.367842674255371,-0.1472620964050293,-8.43749660625683,1,WELD_FOUND,0.005,0.04160131847460957,0,0,0.0,0.0,43,0,0,0,0,0
4.387844800949097,-0.13499026000499725,-7.7343721736599775,1,WELD_FOUND,0.005,0.04138047037998749,0,0,0.0,0.0,44,0,0,0,0,0
4.4078049659729,-0.13499026000499725,-7.7343721736599775,1,WELD_FOUND,0.005,0.04138047037998749,0,0,0.0,0.0,44,0,0,0,0,0
4.4277942180633545,-0.13499026000499725,-7.7343721736599775,1,WELD_FOUND,0.005,0.04138047037998749,0,0,0.0,0.0,44,0,0,0,0,0
4.4478089809417725,-0.13499026000499725,-7.7343721736599775,1,WELD_FOUND,0.005,0.04138047037998749,0,0,0.0,0.0,44,0,0,0,0,0
4.468263864517212,-0.13499026000499725,-7.7343721736599775,1,WELD_FOUND,0.005,0.04138047037998749,0,0,0.0,0.0,45,0,0,0,0,0
4.487831115722656,-0.12271840870380402,-7.031246887289478,1,WELD_FOUND,0.005,0.04046748082621823,0,0,0.0,0.0,45,0,0,0,0,0
4.507794618606567,-0.12271840870380402,-7.031246887289478,1,WELD_FOUND,0.005,0.04046748082621823,0,0,0.0,0.0,45,0,0,0,0,0
4.52781081199646,-0.12271840870380402,-7.031246887289478,1,WELD_FOUND,0.005,0.04046748082621823,0,0,0.0,0.0,45,0,0,0,0,0
4.547794818878174,-0.12271840870380402,-7.031246887289478,1,WELD_FOUND,0.005,0.04046748082621823,0,0,0.0,0.0,45,0,0,0,0,0
4.567894220352173,-0.12271840870380402,-7.031246887289478,1,WELD_FOUND,0.005,0.04046748082621823,0,0,0.0,0.0,45,0,0,0,0,0
4.5878260135650635,-0.13499026000499725,-7.7343721736599775,1,WELD_FOUND,0.005,0.040473400261274425,0,0,0.0,0.0,46,0,0,0,0,0
4.60779881477356,-0.13499026000499725,-7.7343721736599775,1,WELD_FOUND,0.005,0.040473400261274425,0,0,0.0,0.0,46,0,0,0,0,0
4.62783670425415,-0.13499026000499725,-7.7343721736599775,1,WELD_FOUND,0.005,0.040473400261274425,0,0,0.0,0.0,46,0,0,0,0,0
4.647881984710693,-0.13499026000499725,-7.7343721736599775,1,WELD_FOUND,0.005,0.040473400261274425,0,0,0.0,0.0,46,0,0,0,0,0
4.667783260345459,-0.13499026000499725,-7.7343721736599775,1,WELD_FOUND,0.005,0.040473400261274425,0,0,0.0,0.0,47,0,0,0,0,0
4.68787956237793,-0.12885433435440063,-7.382809530474727,1,WELD_FOUND,0.005,0.04010998027028358,0,0,0.0,0.0,47,0,0,0,0,0
4.7078022956848145,-0.12885433435440063,-7.382809530474727,1,WELD_FOUND,0.005,0.04010998027028358,0,0,0.0,0.0,47,0,0,0,0,0
4.727845191955566,-0.12885433435440063,-7.382809530474727,1,WELD_FOUND,0.005,0.04010998027028358,0,0,0.0,0.0,47,0,0,0,0,0
4.747801780700684,-0.12885433435440063,-7.382809530474727,1,WELD_FOUND,0.005,0.04010998027028358,0,0,0.0,0.0,47,0,0,0,0,0
4.767927408218384,-0.12885433435440063,-7.382809530474727,1,WELD_FOUND,0.005,0.04010998027028358,0,0,0.0,0.0,47,0,0,0,0,0
4.787790775299072,-0.14112617075443268,-8.085933963071582,1,WELD_FOUND,0.005,0.040555554461492824,0,0,0.0,0.0,48,0,0,0,0,0
4.807799577713013,-0.14112617075443268,-8.085933963071582,1,WELD_FOUND,0.005,0.040555554461492824,0,0,0.0,0.0,48,0,0,0,0,0
4.82779598236084,-0.14112617075443268,-8.085933963071582,1,WELD_FOUND,0.005,0.040555554461492824,0,0,0.0,0.0,48,0,0,0,0,0
4.847791910171509,-0.14112617075443268,-8.085933963071582,1,WELD_FOUND,0.005,0.040555554461492824,0,0,0.0,0.0,48,0,0,0,0,0
4.867866277694702,-0.14112617075443268,-8.085933963071582,1,WELD_FOUND,0.005,0.040555554461492824,1,1,0.0005733406592801372,0.0005733406592801372,48,0,0,0,0,0
4.8877928256988525,-0.13499026000499725,-7.7343721736599775,1,WELD_FOUND,0.005,0.040543859169494094,1,0,0.0,0.0005733406592801372,49,0,0,0,0,0
4.907787084579468,-0.13499026000499725,-7.7343721736599775,1,WELD_FOUND,0.005,0.040543859169494094,3,2,0.0011466813185602744,0.0017200219778404115,49,0,0,0,0,0
4.9277894496917725,-0.13499026000499725,-7.7343721736599775,1,WELD_FOUND,0.005,0.040543859169494094,5,2,0.0011466813185602744,0.002866703296400686,49,0,0,0,0,0
4.94781756401062,-0.13499026000499725,-7.7343721736599775,1,WELD_FOUND,0.005,0.040543859169494094,7,2,0.0011466813185602744,0.004013384614960961,49,0,0,0,0,0
4.967876195907593,-0.13499026000499725,-7.7343721736599775,1,WELD_FOUND,0.005,0.040543859169494094,9,2,0.0011466813185602744,0.005160065933521235,49,0,0,0,0,0
4.987792015075684,-0.1165824830532074,-6.6796842441042275,1,WELD_FOUND,0.005,0.03943003631878771,9,0,0.0,0.005160065933521235,50,0,0,0,0,0
5.007786512374878,-0.1165824830532074,-6.6796842441042275,1,WELD_FOUND,0.005,0.03943003631878771,11,2,0.0011466813185602744,0.00630674725208151,50,0,0,0,0,0
5.027781009674072,-0.1165824830532074,-6.6796842441042275,1,WELD_FOUND,0.005,0.03943003631878771,11,0,0.0,0.00630674725208151,50,0,0,0,0,0
5.047788381576538,-0.1165824830532074,-6.6796842441042275,1,WELD_FOUND,0.005,0.03943003631878771,12,1,0.0005733406592801372,0.006880087911361647,50,0,0,0,0,0
5.067890405654907,-0.1165824830532074,-6.6796842441042275,1,WELD_FOUND,0.005,0.03943003631878771,13,1,0.0005733406592801372,0.007453428570641784,50,0,0,0,0,0
5.087789297103882,-0.07976694405078888,-4.570309238766374,1,WELD_FOUND,0.005,0.036330045698077504,14,1,0.0005733406592801372,0.008026769229921921,51,0,0,0,0,0
5.107802629470825,-0.07976694405078888,-4.570309238766374,1,WELD_FOUND,0.005,0.036330045698077504,15,1,0.0005733406592801372,0.008600109889202059,51,0,0,0,0,0
5.127804517745972,-0.07976694405078888,-4.570309238766374,1,WELD_FOUND,0.005,0.036330045698077504,15,0,0.0,0.008600109889202059,51,0,0,0,0,0
5.147794246673584,-0.07976694405078888,-4.570309238766374,1,WELD_FOUND,0.005,0.036330045698077504,16,1,0.0005733406592801372,0.009173450548482197,51,0,0,0,0,0
5.167829751968384,-0.07976694405078888,-4.570309238766374,1,WELD_FOUND,0.005,0.036330045698077504,17,1,0.0005733406592801372,0.009746791207762335,51,0,0,0,0,0
5.18778920173645,nan,nan,0,NO_WELD,0.0,0.0,17,0,0.0,0.009746791207762335,51,1,0,0,0,0
5.207783937454224,nan,nan,0,NO_WELD,0.0,0.0,19,2,0.0011466813185602744,0.010893472526322608,51,1,0,0,0,0
5.227784872055054,nan,nan,0,NO_WELD,0.0,0.0,19,0,0.0,0.010893472526322608,51,1,0,0,0,0
5.247783660888672,nan,nan,0,NO_WELD,0.0,0.0,19,0,0.0,0.010893472526322608,51,1,0,0,0,0
5.267831087112427,nan,nan,0,NO_WELD,0.0,0.0,20,1,0.0005733406592801372,0.011466813185602746,51,1,0,0,0,0
5.287789583206177,-0.055223248898983,-3.164059092912196,1,WELD_FOUND,0.005,0.03237743149240098,20,0,0.0,0.011466813185602746,52,1,0,0,0,0
5.30780029296875,-0.055223248898983,-3.164059092912196,1,WELD_FOUND,0.005,0.03237743149240098,21,1,0.0005733406592801372,0.012040153844882884,52,1,0,0,0,0
5.327803373336792,-0.055223248898983,-3.164059092912196,1,WELD_FOUND,0.005,0.03237743149240098,22,1,0.0005733406592801372,0.012613494504163021,52,1,0,0,0,0
5.347794055938721,-0.055223248898983,-3.164059092912196,1,WELD_FOUND,0.005,0.03237743149240098,23,1,0.0005733406592801372,0.01318683516344316,52,1,0,0,0,0
5.36783504486084,-0.055223248898983,-3.164059092912196,1,WELD_FOUND,0.005,0.03237743149240098,26,3,0.0017200219778404115,0.01490685714128357,52,1,0,0,0,0
5.387785911560059,nan,nan,0,NO_WELD,0.0,0.0,29,3,0.0017200219778404115,0.016626879119123982,52,2,0,0,0,0
5.407785177230835,nan,nan,0,NO_WELD,0.0,0.0,31,2,0.0011466813185602744,0.017773560437684258,52,2,0,0,0,0
5.427829265594482,nan,nan,0,NO_WELD,0.0,0.0,33,2,0.0011466813185602744,0.018920241756244533,52,2,0,0,0,0
5.447800397872925,nan,nan,0,NO_WELD,0.0,0.0,33,0,0.0,0.018920241756244533,52,2,0,0,0,0
5.4678051471710205,nan,nan,0,NO_WELD,0.0,0.0,32,-1,-0.0005733406592801372,0.018346901096964397,52,2,0,0,0,0
5.487792253494263,nan,nan,0,NO_WELD,0.0,0.0,32,0,0.0,0.018346901096964397,52,2,0,0,0,0
5.507797002792358,nan,nan,0,NO_WELD,0.0,0.0,32,0,0.0,0.018346901096964397,52,2,0,0,0,0
5.5277886390686035,nan,nan,0,NO_WELD,0.0,0.0,32,0,0.0,0.018346901096964397,52,2,0,0,0,0
5.547797679901123,nan,nan,0,NO_WELD,0.0,0.0,32,0,0.0,0.018346901096964397,52,2,0,0,0,0
5.567789793014526,nan,nan,0,NO_WELD,0.0,0.0,32,0,0.0,0.018346901096964397,52,2,0,0,0,0
5.587796449661255,nan,nan,0,NO_WELD,0.0,0.0,32,0,0.0,0.018346901096964397,52,2,0,0,0,0
5.607794761657715,nan,nan,0,NO_WELD,0.0,0.0,32,0,0.0,0.018346901096964397,52,2,0,0,0,0
5.627788305282593,nan,nan,0,NO_WELD,0.0,0.0,32,0,0.0,0.018346901096964397,52,2,0,0,0,0
5.647794246673584,nan,nan,0,NO_WELD,0.0,0.0,32,0,0.0,0.018346901096964397,52,2,0,0,0,0
5.667796850204468,nan,nan,0,NO_WELD,0.0,0.0,32,0,0.0,0.018346901096964397,52,2,0,0,0,0
5.687793016433716,nan,nan,0,NO_WELD,0.0,0.0,32,0,0.0,0.018346901096964397,52,2,0,0,0,0
5.707794189453125,nan,nan,0,NO_WELD,0.0,0.0,32,0,0.0,0.018346901096964397,52,2,0,0,0,0
5.727786540985107,nan,nan,0,NO_WELD,0.0,0.0,32,0,0.0,0.018346901096964397,52,2,0,0,0,0
5.749146223068237,nan,nan,0,NO_WELD,0.0,0.0,32,0,0.0,0.018346901096964397,52,2,0,0,0,0
5.767782211303711,nan,nan,0,NO_WELD,0.0,0.0,32,0,0.0,0.018346901096964397,52,5,0,0,0,0
5.78778338432312,nan,nan,0,NO_WELD,0.0,0.0,32,0,0.0,0.018346901096964397,52,6,0,0,0,0
5.807785749435425,nan,nan,0,NO_WELD,0.0,0.0,32,0,0.0,0.018346901096964397,52,6,0,0,0,0
5.827795505523682,nan,nan,0,NO_WELD,0.0,0.0,32,0,0.0,0.018346901096964397,52,6,0,0,0,0
5.847800016403198,nan,nan,0,NO_WELD,0.0,0.0,32,0,0.0,0.018346901096964397,52,6,0,0,0,0
5.86779260635376,nan,nan,0,NO_WELD,0.0,0.0,32,0,0.0,0.018346901096964397,52,6,0,0,0,0
5.887791633605957,nan,nan,0,NO_WELD,0.0,0.0,32,0,0.0,0.018346901096964397,52,7,0,0,0,0
5.907784700393677,nan,nan,0,NO_WELD,0.0,0.0,32,0,0.0,0.018346901096964397,52,7,0,0,0,0
5.9277870655059814,nan,nan,0,NO_WELD,0.0,0.0,32,0,0.0,0.018346901096964397,52,7,0,0,0,0
5.947795629501343,nan,nan,0,NO_WELD,0.0,0.0,32,0,0.0,0.018346901096964397,52,7,0,0,0,0
5.967787742614746,nan,nan,0,NO_WELD,0.0,0.0,32,0,0.0,0.018346901096964397,52,7,0,0,0,0
5.987809419631958,-0.12885433435440063,-7.382809530474727,1,WELD_FOUND,0.005,0.03865630030632019,32,0,0.0,0.018346901096964397,53,7,0,0,0,0
6.007792711257935,-0.12885433435440063,-7.382809530474727,1,WELD_FOUND,0.005,0.03865630030632019,32,0,0.0,0.018346901096964397,53,7,0,0,0,0
6.027787685394287,-0.12885433435440063,-7.382809530474727,1,WELD_FOUND,0.005,0.03865630030632019,32,0,0.0,0.018346901096964397,53,7,0,0,0,0
6.047792196273804,-0.12885433435440063,-7.382809530474727,1,WELD_FOUND,0.005,0.03865630030632019,33,1,0.0005733406592801372,0.018920241756244533,53,7,0,0,0,0
6.0678551197052,-0.12885433435440063,-7.382809530474727,1,WELD_FOUND,0.005,0.03865630030632019,35,2,0.0011466813185602744,0.02006692307480481,53,7,0,0,0,0
6.087786674499512,-0.2086213380098343,-11.953122184335687,1,WELD_FOUND,0.005,0.04344232052564621,35,0,0.0,0.02006692307480481,54,7,0,0,0,0
6.107793807983398,-0.2086213380098343,-11.953122184335687,1,WELD_FOUND,0.005,0.04344232052564621,37,2,0.0011466813185602744,0.021213604393365084,54,7,0,0,0,0
6.127788305282593,-0.2086213380098343,-11.953122184335687,1,WELD_FOUND,0.005,0.04344232052564621,37,0,0.0,0.021213604393365084,54,7,0,0,0,0
6.147795915603638,-0.2086213380098343,-11.953122184335687,1,WELD_FOUND,0.005,0.04344232052564621,39,2,0.0011466813185602744,0.02236028571192536,54,7,0,0,0,0
6.1678197383880615,-0.2086213380098343,-11.953122184335687,1,WELD_FOUND,0.005,0.04344232052564621,40,1,0.0005733406592801372,0.022933626371205496,54,7,0,0,0,0
6.187775373458862,-0.19021356105804443,-10.898434254779936,1,WELD_FOUND,0.005,0.04616667008399963,41,1,0.0005733406592801372,0.02350696703048563,55,7,0,0,0,0
6.207791566848755,-0.19021356105804443,-10.898434254779936,1,WELD_FOUND,0.005,0.04616667008399963,41,0,0.0,0.02350696703048563,55,7,0,0,0,0
6.227802276611328,-0.19021356105804443,-10.898434254779936,1,WELD_FOUND,0.005,0.04616667008399963,43,2,0.0011466813185602744,0.024653648349045907,55,7,0,0,0,0
6.247799396514893,-0.19021356105804443,-10.898434254779936,1,WELD_FOUND,0.005,0.04616667008399963,43,0,0.0,0.024653648349045907,55,7,0,0,0,0
6.26781964302063,-0.19021356105804443,-10.898434254779936,1,WELD_FOUND,0.005,0.04616667008399963,43,0,0.0,0.024653648349045907,55,7,0,0,0,0
6.287791013717651,-0.25770872831344604,-14.76562247604404,1,WELD_FOUND,0.005,0.05239585976600646,45,2,0.0011466813185602744,0.025800329667606182,56,7,0,0,0,0
6.307786464691162,-0.25770872831344604,-14.76562247604404,1,WELD_FOUND,0.005,0.05239585976600646,45,0,0.0,0.025800329667606182,56,7,0,0,0,0
6.327782392501831,-0.25770872831344604,-14.76562247604404,1,WELD_FOUND,0.005,0.05239585976600646,46,1,0.0005733406592801372,0.02637367032688632,56,7,0,0,0,0
6.3477866649627686,-0.25770872831344604,-14.76562247604404,1,WELD_FOUND,0.005,0.05239585976600646,47,1,0.0005733406592801372,0.026947010986166454,56,7,0,0,0,0
6.367785930633545,-0.25770872831344604,-14.76562247604404,1,WELD_FOUND,0.005,0.05239585976600646,47,0,0.0,0.026947010986166454,56,7,0,0,0,0
6.387772560119629,-0.19021356105804443,-10.898434254779936,1,WELD_FOUND,0.005,0.05332950147628784,49,2,0.0011466813185602744,0.02809369230472673,57,7,0,0,0,0
6.407797813415527,-0.19021356105804443,-10.898434254779936,1,WELD_FOUND,0.005,0.05332950147628784,49,0,0.0,0.02809369230472673,57,7,0,0,0,0
6.427837610244751,-0.19021356105804443,-10.898434254779936,1,WELD_FOUND,0.005,0.05332950147628784,50,1,0.0005733406592801372,0.028667032964006866,57,7,0,0,0,0
6.447797060012817,-0.19021356105804443,-10.898434254779936,1,WELD_FOUND,0.005,0.05332950147628784,51,1,0.0005733406592801372,0.029240373623287002,57,7,0,0,0,0
6.4677863121032715,-0.19021356105804443,-10.898434254779936,1,WELD_FOUND,0.005,0.05332950147628784,51,0,0.0,0.029240373623287002,57,7,0,0,0,0
6.487781047821045,-0.12271840870380402,-7.031246887289478,1,WELD_FOUND,0.005,0.050026705703258505,52,1,0.0005733406592801372,0.029813714282567138,58,7,0,0,0,0
6.507788896560669,-0.12271840870380402,-7.031246887289478,1,WELD_FOUND,0.005,0.050026705703258505,53,1,0.0005733406592801372,0.030387054941847274,58,7,0,0,0,0
6.527789354324341,-0.12271840870380402,-7.031246887289478,1,WELD_FOUND,0.005,0.050026705703258505,53,0,0.0,0.030387054941847274,58,7,0,0,0,0
6.547787189483643,-0.12271840870380402,-7.031246887289478,1,WELD_FOUND,0.005,0.050026705703258505,55,2,0.0011466813185602744,0.03153373626040755,58,7,0,0,0,0
6.567813396453857,-0.12271840870380402,-7.031246887289478,1,WELD_FOUND,0.005,0.050026705703258505,55,0,0.0,0.03153373626040755,58,7,0,0,0,0
6.587767601013184,nan,nan,0,NO_WELD,0.0,0.0,55,0,0.0,0.03153373626040755,58,8,0,0,0,0
6.607787609100342,nan,nan,0,NO_WELD,0.0,0.0,57,2,0.0011466813185602744,0.03268041757896782,58,8,0,0,0,0
6.627787113189697,nan,nan,0,NO_WELD,0.0,0.0,57,0,0.0,0.03268041757896782,58,8,0,0,0,0
6.6477952003479,nan,nan,0,NO_WELD,0.0,0.0,57,0,0.0,0.03268041757896782,58,8,0,0,0,0
6.667787551879883,nan,nan,0,NO_WELD,0.0,0.0,58,1,0.0005733406592801372,0.03325375823824796,58,8,0,0,0,0
6.68776535987854,-0.2086213380098343,-11.953122184335687,1,WELD_FOUND,0.005,0.05253864484319686,58,0,0.0,0.03325375823824796,59,8,0,0,0,0
6.7077858448028564,-0.2086213380098343,-11.953122184335687,1,WELD_FOUND,0.005,0.05253864484319686,59,1,0.0005733406592801372,0.03382709889752809,59,8,0,0,0,0
6.727785587310791,-0.2086213380098343,-11.953122184335687,1,WELD_FOUND,0.005,0.05253864484319686,59,0,0.0,0.03382709889752809,59,8,0,0,0,0
6.747797966003418,-0.2086213380098343,-11.953122184335687,1,WELD_FOUND,0.005,0.05253864484319686,60,1,0.0005733406592801372,0.03440043955680823,59,8,0,0,0,0
6.767788410186768,-0.2086213380098343,-11.953122184335687,1,WELD_FOUND,0.005,0.05253864484319686,61,1,0.0005733406592801372,0.034973780216088365,59,8,0,0,0,0
6.787776947021484,nan,nan,0,NO_WELD,0.0,0.0,62,1,0.0005733406592801372,0.0355471208753685,59,9,0,0,0,0
6.807790040969849,nan,nan,0,NO_WELD,0.0,0.0,63,1,0.0005733406592801372,0.03612046153464864,59,9,0,0,0,0
6.827789306640625,nan,nan,0,NO_WELD,0.0,0.0,62,-1,-0.0005733406592801372,0.0355471208753685,59,9,0,0,0,0
6.847790718078613,nan,nan,0,NO_WELD,0.0,0.0,62,0,0.0,0.0355471208753685,59,9,0,0,0,0
6.867823839187622,nan,nan,0,NO_WELD,0.0,0.0,62,0,0.0,0.0355471208753685,59,9,0,0,0,0
6.887773036956787,-0.13499026000499725,-7.7343721736599775,1,WELD_FOUND,0.005,0.05013033147485732,62,0,0.0,0.0355471208753685,60,9,0,0,0,0
6.9077959060668945,-0.13499026000499725,-7.7343721736599775,1,WELD_FOUND,0.005,0.05013033147485732,62,0,0.0,0.0355471208753685,60,9,0,0,0,0
6.927793264389038,-0.13499026000499725,-7.7343721736599775,1,WELD_FOUND,0.005,0.05013033147485732,62,0,0.0,0.0355471208753685,60,9,0,0,0,0
6.947791576385498,-0.13499026000499725,-7.7343721736599775,1,WELD_FOUND,0.005,0.05013033147485732,64,2,0.0011466813185602744,0.03669380219392877,60,9,0,0,0,0
6.9677910804748535,-0.13499026000499725,-7.7343721736599775,1,WELD_FOUND,0.005,0.05013033147485732,64,0,0.0,0.03669380219392877,60,9,0,0,0,0
6.987780332565308,-0.13499026000499725,-7.7343721736599775,1,WELD_FOUND,0.005,0.048203680780185686,65,1,0.0005733406592801372,0.03726714285320891,61,9,0,0,0,0
7.007785797119141,-0.13499026000499725,-7.7343721736599775,1,WELD_FOUND,0.005,0.048203680780185686,66,1,0.0005733406592801372,0.037840483512489045,61,9,0,0,0,0
7.027794361114502,-0.13499026000499725,-7.7343721736599775,1,WELD_FOUND,0.005,0.048203680780185686,67,1,0.0005733406592801372,0.03841382417176918,61,9,0,0,0,0
7.047786712646484,-0.13499026000499725,-7.7343721736599775,1,WELD_FOUND,0.005,0.048203680780185686,68,1,0.0005733406592801372,0.03898716483104932,61,9,0,0,0,0
7.06779408454895,-0.13499026000499725,-7.7343721736599775,1,WELD_FOUND,0.005,0.048203680780185686,68,0,0.0,0.03898716483104932,61,9,0,0,0,0
7.087775707244873,-0.07976694405078888,-4.570309238766374,1,WELD_FOUND,0.005,0.04334896126719588,70,2,0.0011466813185602744,0.04013384614960959,62,9,0,0,0,0
7.10779070854187,-0.07976694405078888,-4.570309238766374,1,WELD_FOUND,0.005,0.04334896126719588,70,0,0.0,0.04013384614960959,62,9,0,0,0,0
7.127784967422485,-0.07976694405078888,-4.570309238766374,1,WELD_FOUND,0.005,0.04334896126719588,71,1,0.0005733406592801372,0.040707186808889725,62,9,0,0,0,0
7.147799015045166,-0.07976694405078888,-4.570309238766374,1,WELD_FOUND,0.005,0.04334896126719588,72,1,0.0005733406592801372,0.04128052746816986,62,9,0,0,0,0
7.167798280715942,-0.07976694405078888,-4.570309238766374,1,WELD_FOUND,0.005,0.04334896126719588,72,0,0.0,0.04128052746816986,62,9,0,0,0,0
7.187770843505859,-0.024543633684515953,-1.4062466240378864,1,WELD_FOUND,0.005,0.036151787034827666,73,1,0.0005733406592801372,0.04185386812745,63,9,0,0,0,0
7.20778489112854,-0.024543633684515953,-1.4062466240378864,1,WELD_FOUND,0.005,0.036151787034827666,74,1,0.0005733406592801372,0.04242720878673013,63,9,0,0,0,0
7.227785587310791,-0.024543633684515953,-1.4062466240378864,1,WELD_FOUND,0.005,0.036151787034827666,74,0,0.0,0.04242720878673013,63,9,0,0,0,0
7.247792482376099,-0.024543633684515953,-1.4062466240378864,1,WELD_FOUND,0.005,0.036151787034827666,75,1,0.0005733406592801372,0.04300054944601027,63,9,0,0,0,0
7.267786264419556,-0.024543633684515953,-1.4062466240378864,1,WELD_FOUND,0.005,0.036151787034827666,76,1,0.0005733406592801372,0.043573890105290405,63,9,0,0,0,0
7.28778600692749,0.030679676681756973,1.7578159906906006,1,WELD_FOUND,0.005,0.027080649026956716,76,0,0.0,0.043573890105290405,64,9,0,0,0,0
7.307787656784058,0.030679676681756973,1.7578159906906006,1,WELD_FOUND,0.005,0.027080649026956716,76,0,0.0,0.043573890105290405,64,9,0,0,0,0
7.327796697616577,0.030679676681756973,1.7578159906906006,1,WELD_FOUND,0.005,0.027080649026956716,78,2,0.0011466813185602744,0.04472057142385068,64,9,0,0,0,0
7.347795248031616,0.030679676681756973,1.7578159906906006,1,WELD_FOUND,0.005,0.027080649026956716,80,2,0.0011466813185602744,0.04586725274241095,64,9,0,0,0,0
7.367785930633545,0.030679676681756973,1.7578159906906006,1,WELD_FOUND,0.005,0.027080649026956716,82,2,0.0011466813185602744,0.04701393406097122,64,9,0,0,0,0
7.387773752212524,0.07363113760948181,4.218753425770293,1,WELD_FOUND,0.007895493704723821,0.017246650964996467,84,2,0.0011466813185602744,0.04816061537953149,65,9,0,0,0,0
7.407790184020996,0.07363113760948181,4.218753425770293,1,WELD_FOUND,0.007895493704723821,0.017246650964996467,86,2,0.0011466813185602744,0.049307296698091765,65,9,0,0,0,0
7.427797317504883,0.07363113760948181,4.218753425770293,1,WELD_FOUND,0.007895493704723821,0.017246650964996467,88,2,0.0011466813185602744,0.05045397801665204,65,9,0,0,0,0
7.44779372215271,0.07363113760948181,4.218753425770293,1,WELD_FOUND,0.007895493704723821,0.017246650964996467,91,3,0.0017200219778404115,0.052173999994492445,65,9,0,0,0,0
7.467788457870483,0.07363113760948181,4.218753425770293,1,WELD_FOUND,0.007895493704723821,0.017246650964996467,93,2,0.0011466813185602744,0.05332068131305272,65,9,0,0,0,0
7.487771987915039,nan,nan,0,NO_WELD,0.0,0.0,95,2,0.0011466813185602744,0.05446736263161299,65,10,0,0,0,0
7.507791996002197,nan,nan,0,NO_WELD,0.0,0.0,97,2,0.0011466813185602744,0.05561404395017326,65,10,0,0,0,0
7.527789354324341,nan,nan,0,NO_WELD,0.0,0.0,98,1,0.0005733406592801372,0.0561873846094534,65,10,0,0,0,0
7.547819375991821,nan,nan,0,NO_WELD,0.0,0.0,99,1,0.0005733406592801372,0.05676072526873353,65,10,0,0,0,0
7.567791223526001,nan,nan,0,NO_WELD,0.0,0.0,99,0,0.0,0.05676072526873353,65,10,0,0,0,0
7.587772846221924,nan,nan,0,NO_WELD,0.0,0.0,99,0,0.0,0.05676072526873353,65,11,0,0,0,0
7.607789754867554,nan,nan,0,NO_WELD,0.0,0.0,99,0,0.0,0.05676072526873353,65,11,0,0,0,0
7.627807140350342,nan,nan,0,NO_WELD,0.0,0.0,99,0,0.0,0.05676072526873353,65,11,0,0,0,0
7.647791624069214,nan,nan,0,NO_WELD,0.0,0.0,99,0,0.0,0.05676072526873353,65,11,0,0,0,0
7.667789697647095,nan,nan,0,NO_WELD,0.0,0.0,99,0,0.0,0.05676072526873353,65,11,0,0,0,0
7.687782526016235,nan,nan,0,NO_WELD,0.0,0.0,99,0,0.0,0.05676072526873353,65,12,0,0,0,0
7.707787036895752,nan,nan,0,NO_WELD,0.0,0.0,99,0,0.0,0.05676072526873353,65,12,0,0,0,0
7.727787017822266,nan,nan,0,NO_WELD,0.0,0.0,99,0,0.0,0.05676072526873353,65,12,0,0,0,0
7.7477850914001465,nan,nan,0,NO_WELD,0.0,0.0,99,0,0.0,0.05676072526873353,65,12,0,0,0,0
7.767796039581299,nan,nan,0,NO_WELD,0.0,0.0,99,0,0.0,0.05676072526873353,65,12,0,0,0,0
7.7877819538116455,0.06135929375886917,3.5156285662866162,1,WELD_FOUND,0.007498391523459553,-0.01840778812766075,99,0,0.0,0.05676072526873353,66,12,0,0,0,0
7.807793140411377,0.06135929375886917,3.5156285662866162,1,WELD_FOUND,0.007498391523459553,-0.01840778812766075,99,0,0.0,0.05676072526873353,66,12,0,0,0,0
7.827801704406738,0.06135929375886917,3.5156285662866162,1,WELD_FOUND,0.007498391523459553,-0.01840778812766075,100,1,0.0005733406592801372,0.05733406592801367,66,12,0,0,0,0
7.847795486450195,0.06135929375886917,3.5156285662866162,1,WELD_FOUND,0.007498391523459553,-0.01840778812766075,101,1,0.0005733406592801372,0.057907406587293805,66,12,0,0,0,0
7.867791652679443,0.06135929375886917,3.5156285662866162,1,WELD_FOUND,0.007498391523459553,-0.01840778812766075,103,2,0.0011466813185602744,0.05905408790585408,66,12,0,0,0,0
7.88778018951416,0.09203890711069107,5.2734409284392205,1,WELD_FOUND,0.0068898522500752965,-0.020248564928770064,105,2,0.0011466813185602744,0.06020076922441435,67,12,0,0,0,0
7.907792329788208,0.09203890711069107,5.2734409284392205,1,WELD_FOUND,0.0068898522500752965,-0.020248564928770064,107,2,0.0011466813185602744,0.06134745054297462,67,12,0,0,0,0
7.92780613899231,0.09203890711069107,5.2734409284392205,1,WELD_FOUND,0.0068898522500752965,-0.020248564928770064,110,3,0.0017200219778404115,0.06306747252081503,67,12,0,0,0,0
7.947794198989868,0.09203890711069107,5.2734409284392205,1,WELD_FOUND,0.0068898522500752965,-0.020248564928770064,112,2,0.0011466813185602744,0.0642141538393753,67,12,0,0,0,0
7.967800140380859,0.09203890711069107,5.2734409284392205,1,WELD_FOUND,0.0068898522500752965,-0.020248564928770064,113,1,0.0005733406592801372,0.06478749449865544,67,12,0,0,0,0
7.987783908843994,0.12271852791309357,7.031253717478648,1,WELD_FOUND,0.005859369414892834,-0.023561963617801662,115,2,0.0011466813185602744,0.06593417581721571,68,12,0,0,0,0
8.007793188095093,0.12271852791309357,7.031253717478648,1,WELD_FOUND,0.005859369414892834,-0.023561963617801662,117,2,0.0011466813185602744,0.06708085713577598,68,12,0,0,0,0
8.027792930603027,0.12271852791309357,7.031253717478648,1,WELD_FOUND,0.005859369414892834,-0.023561963617801662,119,2,0.0011466813185602744,0.06822753845433625,68,12,0,0,0,0
8.047790765762329,0.12271852791309357,7.031253717478648,1,WELD_FOUND,0.005859369414892834,-0.023561963617801662,121,2,0.0011466813185602744,0.06937421977289653,68,12,0,0,0,0
8.067796230316162,0.12271852791309357,7.031253717478648,1,WELD_FOUND,0.005859369414892834,-0.023561963617801662,123,2,0.0011466813185602744,0.0705209010914568,68,12,0,0,0,0
8.08780026435852,0.15953406691551208,9.140628722816501,1,WELD_FOUND,0.005,-0.028421614909172055,125,2,0.0011466813185602744,0.07166758241001707,69,12,0,0,0,0
8.107793092727661,0.15953406691551208,9.140628722816501,1,WELD_FOUND,0.005,-0.028421614909172055,127,2,0.0011466813185602744,0.07281426372857734,69,12,0,0,0,0
8.127796173095703,0.15953406691551208,9.140628722816501,1,WELD_FOUND,0.005,-0.028421614909172055,129,2,0.0011466813185602744,0.07396094504713761,69,12,0,0,0,0
8.147788047790527,0.15953406691551208,9.140628722816501,1,WELD_FOUND,0.005,-0.028421614909172055,131,2,0.0011466813185602744,0.07510762636569789,69,12,0,0,0,0
8.167795658111572,0.15953406691551208,9.140628722816501,1,WELD_FOUND,0.005,-0.028421614909172055,133,2,0.0011466813185602744,0.07625430768425816,69,12,0,0,0,0
8.187774658203125,0.09817483276128769,5.625003571624471,1,WELD_FOUND,0.005,-0.028627781893014903,135,2,0.0011466813185602744,0.07740098900281843,70,12,0,0,0,0
8.207791328430176,0.09817483276128769,5.625003571624471,1,WELD_FOUND,0.005,-0.028627781893014903,137,2,0.0011466813185602744,0.0785476703213787,70,12,0,0,0,0
8.22779107093811,0.09817483276128769,5.625003571624471,1,WELD_FOUND,0.005,-0.028627781893014903,140,3,0.0017200219778404115,0.08026769229921911,70,12,0,0,0,0
8.247787714004517,0.09817483276128769,5.625003571624471,1,WELD_FOUND,0.005,-0.028627781893014903,142,2,0.0011466813185602744,0.08141437361777938,70,12,0,0,0,0
8.267789125442505,0.09817483276128769,5.625003571624471,1,WELD_FOUND,0.005,-0.028627781893014903,145,3,0.0017200219778404115,0.08313439559561979,70,12,0,0,0,0
8.287769556045532,0.07363113760948181,4.218753425770293,1,WELD_FOUND,0.005,-0.02732009377098083,147,2,0.0011466813185602744,0.08428107691418006,71,12,0,0,0,0
8.307793617248535,0.07363113760948181,4.218753425770293,1,WELD_FOUND,0.005,-0.02732009377098083,149,2,0.0011466813185602744,0.08542775823274033,71,12,0,0,0,0
8.327787637710571,0.07363113760948181,4.218753425770293,1,WELD_FOUND,0.005,-0.02732009377098083,151,2,0.0011466813185602744,0.0865744395513006,71,12,0,0,0,0
8.34779405593872,0.07363113760948181,4.218753425770293,1,WELD_FOUND,0.005,-0.02732009377098083,153,2,0.0011466813185602744,0.08772112086986088,71,12,0,0,0,0
8.367787837982178,0.07363113760948181,4.218753425770293,1,WELD_FOUND,0.005,-0.02732009377098083,155,2,0.0011466813185602744,0.08886780218842115,71,12,0,0,0,0
8.387791872024536,0.15339814126491547,8.789066079631251,1,WELD_FOUND,0.005,-0.03105996349267959,158,3,0.0017200219778404115,0.09058782416626156,72,12,0,0,0,0
8.4077889919281,0.15339814126491547,8.789066079631251,1,WELD_FOUND,0.005,-0.03105996349267959,161,3,0.0017200219778404115,0.09230784614410197,72,12,0,0,0,0
8.427793741226196,0.15339814126491547,8.789066079631251,1,WELD_FOUND,0.005,-0.03105996349267959,163,2,0.0011466813185602744,0.09345452746266224,72,12,0,0,0,0
8.447791337966919,0.15339814126491547,8.789066079631251,1,WELD_FOUND,0.005,-0.03105996349267959,165,2,0.0011466813185602744,0.09460120878122251,72,12,0,0,0,0
8.467792987823486,0.15339814126491547,8.789066079631251,1,WELD_FOUND,0.005,-0.03105996349267959,167,2,0.0011466813185602744,0.09574789009978278,72,12,0,0,0,0
8.487772703170776,0.20248553156852722,11.601566371339606,1,WELD_FOUND,0.005,-0.03699710268825531,169,2,0.0011466813185602744,0.09689457141834305,73,12,0,0,0,0
8.507794618606567,0.20248553156852722,11.601566371339606,1,WELD_FOUND,0.005,-0.03699710268825531,172,3,0.0017200219778404115,0.09861459339618346,73,12,0,0,0,0
8.527786016464233,0.20248553156852722,11.601566371339606,1,WELD_FOUND,0.005,-0.03699710268825531,175,3,0.0017200219778404115,0.10033461537402387,73,12,0,0,0,0
8.547798871994019,0.20248553156852722,11.601566371339606,1,WELD_FOUND,0.005,-0.03699710268825531,177,2,0.0011466813185602744,0.10148129669258414,73,12,0,0,0,0
8.567785739898682,0.20248553156852722,11.601566371339606,1,WELD_FOUND,0.005,-0.03699710268825531,178,1,0.0005733406592801372,0.10205463735186428,73,12,0,0,0,0
8.587775945663452,nan,nan,0,NO_WELD,0.0,0.0,179,1,0.0005733406592801372,0.10262797801114441,73,13,0,0,0,0
8.607791900634766,nan,nan,0,NO_WELD,0.0,0.0,179,0,0.0,0.10262797801114441,73,13,0,0,0,0
8.627790451049805,nan,nan,0,NO_WELD,0.0,0.0,179,0,0.0,0.10262797801114441,73,13,0,0,0,0
8.647790908813477,nan,nan,0,NO_WELD,0.0,0.0,180,1,0.0005733406592801372,0.10320131867042455,73,13,0,0,0,0
8.667789220809937,nan,nan,0,NO_WELD,0.0,0.0,180,0,0.0,0.10320131867042455,73,13,0,0,0,0
8.687767505645752,0.19021368026733398,10.898441084969106,1,WELD_FOUND,0.005,-0.04101050296664429,180,0,0.0,0.10320131867042455,74,13,0,0,0,0
8.707792520523071,0.19021368026733398,10.898441084969106,1,WELD_FOUND,0.005,-0.04101050296664429,180,0,0.0,0.10320131867042455,74,13,0,0,0,0
8.72779130935669,0.19021368026733398,10.898441084969106,1,WELD_FOUND,0.005,-0.04101050296664429,180,0,0.0,0.10320131867042455,74,13,0,0,0,0
8.747787952423096,0.19021368026733398,10.898441084969106,1,WELD_FOUND,0.005,-0.04101050296664429,178,-2,-0.0011466813185602744,0.10205463735186428,74,13,0,0,0,0
8.767796516418457,0.19021368026733398,10.898441084969106,1,WELD_FOUND,0.005,-0.04101050296664429,178,0,0.0,0.10205463735186428,74,13,0,0,0,0
8.787801265716553,nan,nan,0,NO_WELD,0.0,0.0,176,-2,-0.0011466813185602744,0.100907956033304,74,14,0,0,0,0
8.807787895202637,nan,nan,0,NO_WELD,0.0,0.0,176,0,0.0,0.100907956033304,74,14,0,0,0,0
8.827795028686523,nan,nan,0,NO_WELD,0.0,0.0,177,1,0.0005733406592801372,0.10148129669258414,74,14,0,0,0,0
8.847790002822876,nan,nan,0,NO_WELD,0.0,0.0,178,1,0.0005733406592801372,0.10205463735186428,74,14,0,0,0,0
8.867789268493652,nan,nan,0,NO_WELD,0.0,0.0,178,0,0.0,0.10205463735186428,74,14,0,0,0,0
8.887791156768799,0.18407775461673737,10.546878441783855,1,WELD_FOUND,0.005,-0.043853067650319676,178,0,0.0,0.10205463735186428,75,14,0,0,0,0
8.907790422439575,0.18407775461673737,10.546878441783855,1,WELD_FOUND,0.005,-0.043853067650319676,178,0,0.0,0.10205463735186428,75,14,0,0,0,0
8.927785873413086,0.18407775461673737,10.546878441783855,1,WELD_FOUND,0.005,-0.043853067650319676,178,0,0.0,0.10205463735186428,75,14,0,0,0,0
8.947798252105713,0.18407775461673737,10.546878441783855,1,WELD_FOUND,0.005,-0.043853067650319676,178,0,0.0,0.10205463735186428,75,14,0,0,0,0
8.967786073684692,0.18407775461673737,10.546878441783855,1,WELD_FOUND,0.005,-0.043853067650319676,176,-2,-0.0011466813185602744,0.100907956033304,75,14,0,0,0,0
8.987778902053833,0.11044667661190033,6.328128431108148,1,WELD_FOUND,0.005,-0.04170925471696976,176,0,0.0,0.100907956033304,76,14,0,0,0,0
9.007794618606567,0.11044667661190033,6.328128431108148,1,WELD_FOUND,0.005,-0.04170925471696976,175,-1,-0.0005733406592801372,0.10033461537402387,76,14,0,0,0,0
9.027786493301392,0.11044667661190033,6.328128431108148,1,WELD_FOUND,0.005,-0.04170925471696976,174,-1,-0.0005733406592801372,0.09976127471474373,76,14,0,0,0,0
9.047786235809326,0.11044667661190033,6.328128431108148,1,WELD_FOUND,0.005,-0.04170925471696976,174,0,0.0,0.09976127471474373,76,14,0,0,0,0
9.067785501480103,0.11044667661190033,6.328128431108148,1,WELD_FOUND,0.005,-0.04170925471696976,173,-1,-0.0005733406592801372,0.0991879340554636,76,14,0,0,0,0
9.087772607803345,0.04908744618296623,2.812503493359528,1,WELD_FOUND,0.005,-0.03631265054455378,172,-1,-0.0005733406592801372,0.09861459339618346,77,14,0,0,0,0
9.107792854309082,0.04908744618296623,2.812503493359528,1,WELD_FOUND,0.005,-0.03631265054455378,172,0,0.0,0.09861459339618346,77,14,0,0,0,0
9.127786636352539,0.04908744618296623,2.812503493359528,1,WELD_FOUND,0.005,-0.03631265054455378,170,-2,-0.0011466813185602744,0.09746791207762319,77,14,0,0,0,0
9.147791147232056,0.04908744618296623,2.812503493359528,1,WELD_FOUND,0.005,-0.03631265054455378,170,0,0.0,0.09746791207762319,77,14,0,0,0,0
9.167786121368408,0.04908744618296623,2.812503493359528,1,WELD_FOUND,0.005,-0.03631265054455378,169,-1,-0.0005733406592801372,0.09689457141834305,77,14,0,0,0,0
9.187771558761597,-0.018407709896564484,-1.0546840875743422,1,WELD_FOUND,0.005,-0.02794565784184916,168,-1,-0.0005733406592801372,0.09632123075906292,78,14,0,0,0,0
9.207789421081543,-0.018407709896564484,-1.0546840875743422,1,WELD_FOUND,0.005,-0.02794565784184916,168,0,0.0,0.09632123075906292,78,14,0,0,0,0
9.22778606414795,-0.018407709896564484,-1.0546840875743422,1,WELD_FOUND,0.005,-0.02794565784184916,166,-2,-0.0011466813185602744,0.09517454944050265,78,14,0,0,0,0
9.247785329818726,-0.018407709896564484,-1.0546840875743422,1,WELD_FOUND,0.005,-0.02794565784184916,166,0,0.0,0.09517454944050265,78,14,0,0,0,0
9.267800092697144,-0.018407709896564484,-1.0546840875743422,1,WELD_FOUND,0.005,-0.02794565784184916,170,4,0.0022933626371205488,0.09746791207762319,78,14,0,0,0,0
9.287781953811646,-0.10431063920259476,-5.9765593846205505,1,WELD_FOUND,0.00829844620638171,-0.016097887921323644,173,3,0.0017200219778404115,0.0991879340554636,79,14,0,0,0,0
9.307792663574219,-0.10431063920259476,-5.9765593846205505,1,WELD_FOUND,0.00829844620638171,-0.016097887921323644,176,3,0.0017200219778404115,0.100907956033304,79,14,0,0,0,0
9.32778549194336,-0.10431063920259476,-5.9765593846205505,1,WELD_FOUND,0.00829844620638171,-0.016097887921323644,180,4,0.0022933626371205488,0.10320131867042455,79,14,0,0,0,0
9.34778642654419,-0.10431063920259476,-5.9765593846205505,1,WELD_FOUND,0.00829844620638171,-0.016097887921323644,182,2,0.0011466813185602744,0.10434799998898482,79,14,0,0,0,0
9.367786407470703,-0.10431063920259476,-5.9765593846205505,1,WELD_FOUND,0.00829844620638171,-0.016097887921323644,184,2,0.0011466813185602744,0.1054946813075451,79,14,0,0,0,0
9.387777090072632,-0.11044655740261078,-6.328121600918977,1,WELD_FOUND,0.015,0.0,186,2,0.0011466813185602744,0.10664136262610537,80,14,0,0,0,0
9.407787084579468,-0.11044655740261078,-6.328121600918977,1,WELD_FOUND,0.015,0.0,189,3,0.0017200219778404115,0.10836138460394577,80,14,0,0,0,0
9.427819728851318,-0.11044655740261078,-6.328121600918977,1,WELD_FOUND,0.015,0.0,192,3,0.0017200219778404115,0.11008140658178618,80,14,0,0,0,0
9.447789669036865,-0.11044655740261078,-6.328121600918977,1,WELD_FOUND,0.015,0.0,194,2,0.0011466813185602744,0.11122808790034645,80,14,0,0,0,0
9.467786312103271,-0.11044655740261078,-6.328121600918977,1,WELD_FOUND,0.015,0.0,196,2,0.0011466813185602744,0.11237476921890673,80,14,0,0,0,0
9.48778772354126,-0.19021356105804443,-10.898434254779936,1,WELD_FOUND,0.015,0.0,198,2,0.0011466813185602744,0.113521450537467,81,14,0,0,0,0
9.507798910140991,-0.19021356105804443,-10.898434254779936,1,WELD_FOUND,0.015,0.0,201,3,0.0017200219778404115,0.1152414725153074,81,14,0,0,0,0
9.527783393859863,-0.19021356105804443,-10.898434254779936,1,WELD_FOUND,0.015,0.0,203,2,0.0011466813185602744,0.11638815383386768,81,14,0,0,0,0
9.547786712646484,-0.19021356105804443,-10.898434254779936,1,WELD_FOUND,0.015,0.0,206,3,0.0017200219778404115,0.11810817581170809,81,14,0,0,0,0
9.56778621673584,-0.19021356105804443,-10.898434254779936,1,WELD_FOUND,0.015,0.0,208,2,0.0011466813185602744,0.11925485713026836,81,14,0,0,0,0
9.587812185287476,-0.15339802205562592,-8.789059249442081,1,WELD_FOUND,0.008936996082175009,0.014333161442666227,210,2,0.0011466813185602744,0.12040153844882863,82,14,0,0,0,0
9.607796430587769,-0.15339802205562592,-8.789059249442081,1,WELD_FOUND,0.008936996082175009,0.014333161442666227,212,2,0.0011466813185602744,0.1215482197673889,82,14,0,0,0,0
9.627785205841064,-0.15339802205562592,-8.789059249442081,1,WELD_FOUND,0.008936996082175009,0.014333161442666227,214,2,0.0011466813185602744,0.12269490108594917,82,14,0,0,0,0
9.647790431976318,-0.15339802205562592,-8.789059249442081,1,WELD_FOUND,0.008936996082175009,0.014333161442666227,216,2,0.0011466813185602744,0.12384158240450945,82,14,0,0,0,0
9.66778826713562,-0.15339802205562592,-8.789059249442081,1,WELD_FOUND,0.008936996082175009,0.014333161442666227,218,2,0.0011466813185602744,0.12498826372306972,82,14,0,0,0,0
9.687809705734253,-0.2393009513616562,-13.71093454648829,1,WELD_FOUND,0.0052036196551494066,0.02582458623583235,220,2,0.0011466813185602744,0.12613494504163,83,14,0,0,0,0
9.707789182662964,-0.2393009513616562,-13.71093454648829,1,WELD_FOUND,0.0052036196551494066,0.02582458623583235,222,2,0.0011466813185602744,0.12728162636019028,83,14,0,0,0,0
9.727788925170898,-0.2393009513616562,-13.71093454648829,1,WELD_FOUND,0.0052036196551494066,0.02582458623583235,224,2,0.0011466813185602744,0.12842830767875055,83,14,0,0,0,0
9.747783184051514,-0.2393009513616562,-13.71093454648829,1,WELD_FOUND,0.0052036196551494066,0.02582458623583235,226,2,0.0011466813185602744,0.12957498899731082,83,14,0,0,0,0
9.767785787582397,-0.2393009513616562,-13.71093454648829,1,WELD_FOUND,0.0052036196551494066,0.02582458623583235,228,2,0.0011466813185602744,0.1307216703158711,83,14,0,0,0,0
9.787777423858643,nan,nan,0,NO_WELD,0.0,0.0,230,2,0.0011466813185602744,0.13186835163443136,83,15,0,0,0,0
9.807786703109741,nan,nan,0,NO_WELD,0.0,0.0,232,2,0.0011466813185602744,0.13301503295299164,83,15,0,0,0,0
9.827796459197998,nan,nan,0,NO_WELD,0.0,0.0,233,1,0.0005733406592801372,0.13358837361227177,83,15,0,0,0,0
9.847787380218506,nan,nan,0,NO_WELD,0.0,0.0,234,1,0.0005733406592801372,0.1341617142715519,83,15,0,0,0,0
9.867815732955933,nan,nan,0,NO_WELD,0.0,0.0,234,0,0.0,0.1341617142715519,83,15,0,0,0,0
9.887804985046387,nan,nan,0,NO_WELD,0.0,0.0,233,-1,-0.0005733406592801372,0.13358837361227177,83,16,0,0,0,0
9.907800436019897,nan,nan,0,NO_WELD,0.0,0.0,233,0,0.0,0.13358837361227177,83,16,0,0,0,0
9.927794456481934,nan,nan,0,NO_WELD,0.0,0.0,232,-1,-0.0005733406592801372,0.13301503295299164,83,16,0,0,0,0
9.947814226150513,nan,nan,0,NO_WELD,0.0,0.0,232,0,0.0,0.13301503295299164,83,16,0,0,0,0
9.967789649963379,nan,nan,0,NO_WELD,0.0,0.0,232,0,0.0,0.13301503295299164,83,16,0,0,0,0
9.987844944000244,-0.3067961037158966,-17.578121913978748,1,WELD_FOUND,0.005,0.03906743521161967,232,0,0.0,0.13301503295299164,84,16,0,0,0,0
10.007786512374878,-0.3067961037158966,-17.578121913978748,1,WELD_FOUND,0.005,0.03906743521161967,232,0,0.0,0.13301503295299164,84,16,0,0,0,0
10.027791023254395,-0.3067961037158966,-17.578121913978748,1,WELD_FOUND,0.005,0.03906743521161967,232,0,0.0,0.13301503295299164,84,16,0,0,0,0
10.047794342041016,-0.3067961037158966,-17.578121913978748,1,WELD_FOUND,0.005,0.03906743521161967,232,0,0.0,0.13301503295299164,84,16,0,0,0,0
10.06779408454895,-0.3067961037158966,-17.578121913978748,1,WELD_FOUND,0.005,0.03906743521161967,232,0,0.0,0.13301503295299164,84,16,0,0,0,0
10.087817907333374,nan,nan,0,NO_WELD,0.0,0.0,232,0,0.0,0.13301503295299164,84,17,0,0,0,0
10.107798337936401,nan,nan,0,NO_WELD,0.0,0.0,232,0,0.0,0.13301503295299164,84,17,0,0,0,0
10.12779188156128,nan,nan,0,NO_WELD,0.0,0.0,232,0,0.0,0.13301503295299164,84,17,0,0,0,0
10.147789001464844,nan,nan,0,NO_WELD,0.0,0.0,233,1,0.0005733406592801372,0.13358837361227177,84,17,0,0,0,0
10.167792081832886,nan,nan,0,NO_WELD,0.0,0.0,233,0,0.0,0.13358837361227177,84,17,0,0,0,0
10.187785863876343,-0.28225240111351013,-16.171871341237747,1,WELD_FOUND,0.005,0.04818909223610634,233,0,0.0,0.13358837361227177,85,17,0,0,0,0
10.207787990570068,-0.28225240111351013,-16.171871341237747,1,WELD_FOUND,0.005,0.04818909223610634,233,0,0.0,0.13358837361227177,85,17,0,0,0,0
10.227784872055054,-0.28225240111351013,-16.171871341237747,1,WELD_FOUND,0.005,0.04818909223610634,233,0,0.0,0.13358837361227177,85,17,0,0,0,0
10.24779200553894,-0.28225240111351013,-16.171871341237747,1,WELD_FOUND,0.005,0.04818909223610634,235,2,0.0011466813185602744,0.13473505493083204,85,17,0,0,0,0
10.26780104637146,-0.28225240111351013,-16.171871341237747,1,WELD_FOUND,0.005,0.04818909223610634,235,0,0.0,0.13473505493083204,85,17,0,0,0,0
10.287803411483765,-0.3129320442676544,-17.929685410937644,1,WELD_FOUND,0.005,0.057327196444944335,237,2,0.0011466813185602744,0.13588173624939232,86,17,0,0,0,0
10.307790517807007,-0.3129320442676544,-17.929685410937644,1,WELD_FOUND,0.005,0.057327196444944335,238,1,0.0005733406592801372,0.13645507690867245,86,17,0,0,0,0
10.327788352966309,-0.3129320442676544,-17.929685410937644,1,WELD_FOUND,0.005,0.057327196444944335,239,1,0.0005733406592801372,0.1370284175679526,86,17,0,0,0,0
10.347795724868774,-0.3129320442676544,-17.929685410937644,1,WELD_FOUND,0.005,0.057327196444944335,240,1,0.0005733406592801372,0.13760175822723272,86,17,0,0,0,0
10.367786169052124,-0.3129320442676544,-17.929685410937644,1,WELD_FOUND,0.005,0.057327196444944335,241,1,0.0005733406592801372,0.13817509888651286,86,17,0,0,0,0
10.387812852859497,nan,nan,0,NO_WELD,0.0,0.0,242,1,0.0005733406592801372,0.138748439545793,86,18,0,0,0,0
10.407792091369629,nan,nan,0,NO_WELD,0.0,0.0,243,1,0.0005733406592801372,0.13932178020507313,86,18,0,0,0,0
10.42778468132019,nan,nan,0,NO_WELD,0.0,0.0,244,1,0.0005733406592801372,0.13989512086435327,86,18,0,0,0,0
10.447799921035767,nan,nan,0,NO_WELD,0.0,0.0,244,0,0.0,0.13989512086435327,86,18,0,0,0,0
10.467785596847534,nan,nan,0,NO_WELD,0.0,0.0,244,0,0.0,0.13989512086435327,86,18,0,0,0,0
10.487801551818848,nan,nan,0,NO_WELD,0.0,0.0,245,1,0.0005733406592801372,0.1404684615236334,86,19,0,0,0,0
10.507795810699463,nan,nan,0,NO_WELD,0.0,0.0,245,0,0.0,0.1404684615236334,86,19,0,0,0,0
10.527792692184448,nan,nan,0,NO_WELD,0.0,0.0,245,0,0.0,0.1404684615236334,86,19,0,0,0,0
10.547806739807129,nan,nan,0,NO_WELD,0.0,0.0,245,0,0.0,0.1404684615236334,86,19,0,0,0,0
10.567792177200317,nan,nan,0,NO_WELD,0.0,0.0,245,0,0.0,0.1404684615236334,86,19,0,0,0,0
10.587806701660156,nan,nan,0,NO_WELD,0.0,0.0,245,0,0.0,0.1404684615236334,86,20,0,0,0,0
10.607791900634766,nan,nan,0,NO_WELD,0.0,0.0,245,0,0.0,0.1404684615236334,86,20,0,0,0,0
10.627801656723022,nan,nan,0,NO_WELD,0.0,0.0,245,0,0.0,0.1404684615236334,86,20,0,0,0,0
10.647790908813477,nan,nan,0,NO_WELD,0.0,0.0,245,0,0.0,0.1404684615236334,86,20,0,0,0,0
10.66778826713562,nan,nan,0,NO_WELD,0.0,0.0,245,0,0.0,0.1404684615236334,86,20,0,0,0,0
10.687819242477417,-0.22702910006046295,-13.00780926011779,1,WELD_FOUND,0.0,0.06,245,0,0.0,0.1404684615236334,87,20,0,0,0,0
10.707793474197388,-0.22702910006046295,-13.00780926011779,1,WELD_FOUND,0.0,0.06,245,0,0.0,0.1404684615236334,87,20,0,0,0,0
10.727789402008057,-0.22702910006046295,-13.00780926011779,1,WELD_FOUND,0.0,0.06,245,0,0.0,0.1404684615236334,87,20,0,0,0,0
10.747794389724731,-0.22702910006046295,-13.00780926011779,1,WELD_FOUND,0.0,0.06,246,1,0.0005733406592801372,0.14104180218291354,87,20,0,0,0,0
10.767791748046875,-0.22702910006046295,-13.00780926011779,1,WELD_FOUND,0.0,0.06,246,0,0.0,0.14104180218291354,87,20,0,0,0,0
10.787791013717651,-0.28838834166526794,-16.523434838196643,1,WELD_FOUND,0.0,0.06,248,2,0.0011466813185602744,0.1421884835014738,88,20,0,0,0,0
10.807790517807007,-0.28838834166526794,-16.523434838196643,1,WELD_FOUND,0.0,0.06,248,0,0.0,0.1421884835014738,88,20,0,0,0,0
10.827789068222046,-0.28838834166526794,-16.523434838196643,1,WELD_FOUND,0.0,0.06,250,2,0.0011466813185602744,0.14333516482003408,88,20,0,0,0,0
10.847790718078613,-0.28838834166526794,-16.523434838196643,1,WELD_FOUND,0.0,0.06,250,0,0.0,0.14333516482003408,88,20,0,0,0,0
10.867798805236816,-0.28838834166526794,-16.523434838196643,1,WELD_FOUND,0.0,0.06,251,1,0.0005733406592801372,0.14390850547931422,88,20,0,0,0,0
10.887803316116333,-0.23316502571105957,-13.35937190330304,1,WELD_FOUND,0.0,0.06,252,1,0.0005733406592801372,0.14448184613859436,89,20,0,0,0,0
10.907787561416626,-0.23316502571105957,-13.35937190330304,1,WELD_FOUND,0.0,0.06,253,1,0.0005733406592801372,0.1450551867978745,89,20,0,0,0,0
10.927786350250244,-0.23316502571105957,-13.35937190330304,1,WELD_FOUND,0.0,0.06,254,1,0.0005733406592801372,0.14562852745715463,89,20,0,0,0,0
10.947796106338501,-0.23316502571105957,-13.35937190330304,1,WELD_FOUND,0.0,0.06,254,0,0.0,0.14562852745715463,89,20,0,0,0,0
10.967785835266113,-0.23316502571105957,-13.35937190330304,1,WELD_FOUND,0.0,0.06,256,2,0.0011466813185602744,0.1467752087757149,89,20,0,0,0,0
10.987799644470215,nan,nan,0,NO_WELD,0.0,0.0,256,0,0.0,0.1467752087757149,89,21,0,0,0,0
11.007787466049194,nan,nan,0,NO_WELD,0.0,0.0,257,1,0.0005733406592801372,0.14734854943499504,89,21,0,0,0,0
11.02779507637024,nan,nan,0,NO_WELD,0.0,0.0,258,1,0.0005733406592801372,0.14792189009427517,89,21,0,0,0,0
11.047792196273804,nan,nan,0,NO_WELD,0.0,0.0,258,0,0.0,0.14792189009427517,89,21,0,0,0,0
11.067794561386108,nan,nan,0,NO_WELD,0.0,0.0,258,0,0.0,0.14792189009427517,89,21,0,0,0,0
11.087844848632812,-0.3129320442676544,-17.929685410937644,1,WELD_FOUND,0.0,0.06,259,1,0.0005733406592801372,0.1484952307535553,90,21,0,0,0,0
11.107803344726562,-0.3129320442676544,-17.929685410937644,1,WELD_FOUND,0.0,0.06,259,0,0.0,0.1484952307535553,90,21,0,0,0,0
11.127790212631226,-0.3129320442676544,-17.929685410937644,1,WELD_FOUND,0.0,0.06,259,0,0.0,0.1484952307535553,90,21,0,0,0,0
11.147796869277954,-0.3129320442676544,-17.929685410937644,1,WELD_FOUND,0.0,0.06,259,0,0.0,0.1484952307535553,90,21,0,0,0,0
11.167792558670044,-0.3129320442676544,-17.929685410937644,1,WELD_FOUND,0.0,0.06,259,0,0.0,0.1484952307535553,90,21,0,0,0,0
11.187824487686157,nan,nan,0,NO_WELD,0.0,0.0,261,2,0.0011466813185602744,0.14964191207211558,90,22,0,0,0,0
11.207775354385376,nan,nan,0,NO_WELD,0.0,0.0,261,0,0.0,0.14964191207211558,90,22,0,0,0,0
11.227789878845215,nan,nan,0,NO_WELD,0.0,0.0,262,1,0.0005733406592801372,0.15021525273139572,90,22,0,0,0,0
11.24779224395752,nan,nan,0,NO_WELD,0.0,0.0,262,0,0.0,0.15021525273139572,90,22,0,0,0,0
11.267789363861084,nan,nan,0,NO_WELD,0.0,0.0,262,0,0.0,0.15021525273139572,90,22,0,0,0,0
11.28779911994934,nan,nan,0,NO_WELD,0.0,0.0,262,0,0.0,0.15021525273139572,90,23,0,0,0,0
11.307793617248535,nan,nan,0,NO_WELD,0.0,0.0,262,0,0.0,0.15021525273139572,90,23,0,0,0,0
11.327786207199097,nan,nan,0,NO_WELD,0.0,0.0,262,0,0.0,0.15021525273139572,90,23,0,0,0,0
11.347796440124512,nan,nan,0,NO_WELD,0.0,0.0,262,0,0.0,0.15021525273139572,90,23,0,0,0,0
11.367825031280518,nan,nan,0,NO_WELD,0.0,0.0,262,0,0.0,0.15021525273139572,90,23,0,0,0,0
11.387817859649658,nan,nan,0,NO_WELD,0.0,0.0,262,0,0.0,0.15021525273139572,90,24,0,0,0,0
11.407794952392578,nan,nan,0,NO_WELD,0.0,0.0,262,0,0.0,0.15021525273139572,90,24,0,0,0,0
11.427790403366089,nan,nan,0,NO_WELD,0.0,0.0,262,0,0.0,0.15021525273139572,90,24,0,0,0,0
11.447802305221558,nan,nan,0,NO_WELD,0.0,0.0,262,0,0.0,0.15021525273139572,90,24,0,0,0,0
11.467792272567749,nan,nan,0,NO_WELD,0.0,0.0,262,0,0.0,0.15021525273139572,90,24,0,0,0,0
11.487822532653809,nan,nan,0,NO_WELD,0.0,0.0,262,0,0.0,0.15021525273139572,90,25,0,0,0,0
11.507803678512573,nan,nan,0,NO_WELD,0.0,0.0,262,0,0.0,0.15021525273139572,90,25,0,0,0,0
11.527791738510132,nan,nan,0,NO_WELD,0.0,0.0,262,0,0.0,0.15021525273139572,90,25,0,0,0,0
11.54779052734375,nan,nan,0,NO_WELD,0.0,0.0,262,0,0.0,0.15021525273139572,90,25,0,0,0,0
11.567792177200317,nan,nan,0,NO_WELD,0.0,0.0,262,0,0.0,0.15021525273139572,90,25,0,0,0,0
11.587831020355225,nan,nan,0,NO_WELD,0.0,0.0,262,0,0.0,0.15021525273139572,90,26,0,0,0,0
11.607794046401978,nan,nan,0,NO_WELD,0.0,0.0,262,0,0.0,0.15021525273139572,90,26,0,0,0,0
11.6277916431427,nan,nan,0,NO_WELD,0.0,0.0,262,0,0.0,0.15021525273139572,90,26,0,0,0,0
11.647794008255005,nan,nan,0,NO_WELD,0.0,0.0,262,0,0.0,0.15021525273139572,90,26,0,0,0,0
11.667789697647095,nan,nan,0,NO_WELD,0.0,0.0,262,0,0.0,0.15021525273139572,90,26,0,0,0,0
11.688120126724243,-0.3129320442676544,-17.929685410937644,1,WELD_FOUND,0.0,0.06,262,0,0.0,0.15021525273139572,91,26,0,0,0,0
11.70779800415039,-0.3129320442676544,-17.929685410937644,1,WELD_FOUND,0.0,0.06,262,0,0.0,0.15021525273139572,91,26,0,0,0,0
11.72779107093811,-0.3129320442676544,-17.929685410937644,1,WELD_FOUND,0.0,0.06,262,0,0.0,0.15021525273139572,91,26,0,0,0,0
11.747791051864624,-0.3129320442676544,-17.929685410937644,1,WELD_FOUND,0.0,0.06,263,1,0.0005733406592801372,0.15078859339067585,91,26,0,0,0,0
11.767797231674194,-0.3129320442676544,-17.929685410937644,1,WELD_FOUND,0.0,0.06,263,0,0.0,0.15078859339067585,91,26,0,0,0,0
11.787957429885864,nan,nan,0,NO_WELD,0.0,0.06,264,1,0.0005733406592801372,0.151361934049956,91,27,0,0,0,0
11.807804107666016,nan,nan,0,NO_WELD,0.0,0.0,265,1,0.0005733406592801372,0.15193527470923612,91,27,0,0,0,0
11.827793598175049,nan,nan,0,NO_WELD,0.0,0.0,265,0,0.0,0.15193527470923612,91,27,0,0,0,0
11.847789764404297,nan,nan,0,NO_WELD,0.0,0.0,265,0,0.0,0.15193527470923612,91,27,0,0,0,0
11.86780571937561,nan,nan,0,NO_WELD,0.0,0.0,265,0,0.0,0.15193527470923612,91,27,0,0,0,0
11.887908935546875,nan,nan,0,NO_WELD,0.0,0.0,265,0,0.0,0.15193527470923612,91,28,0,0,0,0
11.907798051834106,nan,nan,0,NO_WELD,0.0,0.0,265,0,0.0,0.15193527470923612,91,28,0,0,0,0
11.92778754234314,nan,nan,0,NO_WELD,0.0,0.0,265,0,0.0,0.15193527470923612,91,28,0,0,0,0
11.947797298431396,nan,nan,0,NO_WELD,0.0,0.0,265,0,0.0,0.15193527470923612,91,28,0,0,0,0
11.967790842056274,nan,nan,0,NO_WELD,0.0,0.0,265,0,0.0,0.15193527470923612,91,28,0,0,0,0
11.988153219223022,nan,nan,0,WELD_FOUND,0.0,0.0,265,0,0.0,0.15193527470923612,92,28,0,0,0,0
12.007807970046997,-0.2393009513616562,-13.71093454648829,1,WELD_FOUND,0.0,0.06,265,0,0.0,0.15193527470923612,92,28,0,0,0,0
12.027801036834717,-0.2393009513616562,-13.71093454648829,1,WELD_FOUND,0.0,0.06,265,0,0.0,0.15193527470923612,92,28,0,0,0,0
12.04778790473938,-0.2393009513616562,-13.71093454648829,1,WELD_FOUND,0.0,0.06,265,0,0.0,0.15193527470923612,92,28,0,0,0,0
12.067807912826538,-0.2393009513616562,-13.71093454648829,1,WELD_FOUND,0.0,0.06,266,1,0.0005733406592801372,0.15250861536851626,92,28,0,0,0,0
12.087860584259033,nan,nan,0,NO_WELD,0.0,0.06,267,1,0.0005733406592801372,0.1530819560277964,92,29,0,0,0,0
12.107803106307983,nan,nan,0,NO_WELD,0.0,0.0,267,0,0.0,0.1530819560277964,92,29,0,0,0,0
12.127791166305542,nan,nan,0,NO_WELD,0.0,0.0,267,0,0.0,0.1530819560277964,92,29,0,0,0,0
12.147790431976318,nan,nan,0,NO_WELD,0.0,0.0,267,0,0.0,0.1530819560277964,92,29,0,0,0,0
12.167793273925781,nan,nan,0,NO_WELD,0.0,0.0,267,0,0.0,0.1530819560277964,92,29,0,0,0,0
12.188021421432495,nan,nan,0,NO_WELD,0.0,0.0,267,0,0.0,0.1530819560277964,92,30,0,0,0,0
12.207779169082642,nan,nan,0,NO_WELD,0.0,0.0,267,0,0.0,0.1530819560277964,92,30,0,0,0,0
12.227790355682373,nan,nan,0,NO_WELD,0.0,0.0,267,0,0.0,0.1530819560277964,92,30,0,0,0,0
12.248015880584717,nan,nan,0,NO_WELD,0.0,0.0,267,0,0.0,0.1530819560277964,92,30,0,0,0,0
12.267937898635864,nan,nan,0,NO_WELD,0.0,0.0,267,0,0.0,0.1530819560277964,92,30,0,0,0,0
12.288059711456299,nan,nan,0,NO_WELD,0.0,0.0,267,0,0.0,0.1530819560277964,92,30,0,0,0,0
12.30785059928894,nan,nan,0,NO_WELD,0.0,0.0,267,0,0.0,0.1530819560277964,92,31,0,0,0,0
12.327840805053711,nan,nan,0,NO_WELD,0.0,0.0,267,0,0.0,0.1530819560277964,92,31,0,0,0,0
12.347821235656738,nan,nan,0,NO_WELD,0.0,0.0,267,0,0.0,0.1530819560277964,92,31,0,0,0,0
12.367815494537354,nan,nan,0,NO_WELD,0.0,0.0,267,0,0.0,0.1530819560277964,92,31,0,0,0,0
12.387862920761108,nan,nan,0,NO_WELD,0.0,0.0,267,0,0.0,0.1530819560277964,92,31,0,0,0,0
12.408009767532349,-0.26384463906288147,-15.117184265455643,1,WELD_FOUND,0.0,0.06,267,0,0.0,0.1530819560277964,93,31,0,0,0,0
12.427943706512451,-0.26384463906288147,-15.117184265455643,1,WELD_FOUND,0.0,0.06,267,0,0.0,0.1530819560277964,93,31,0,0,0,0
12.447895288467407,-0.26384463906288147,-15.117184265455643,1,WELD_FOUND,0.0,0.06,267,0,0.0,0.1530819560277964,93,31,0,0,0,0
12.467947483062744,-0.26384463906288147,-15.117184265455643,1,WELD_FOUND,0.0,0.06,267,0,0.0,0.1530819560277964,93,31,0,0,0,0
12.48800253868103,-0.26384463906288147,-15.117184265455643,1,WELD_FOUND,0.0,0.06,267,0,0.0,0.1530819560277964,93,31,0,0,0,0
12.507900714874268,-0.18407763540744781,-10.546871611594685,1,WELD_FOUND,0.0,0.06,267,0,0.0,0.1530819560277964,94,31,0,0,0,0
12.5278799533844,-0.18407763540744781,-10.546871611594685,1,WELD_FOUND,0.0,0.06,267,0,0.0,0.1530819560277964,94,31,0,0,0,0
12.547804117202759,-0.18407763540744781,-10.546871611594685,1,WELD_FOUND,0.0,0.06,267,0,0.0,0.1530819560277964,94,31,0,0,0,0
12.56779670715332,-0.18407763540744781,-10.546871611594685,1,WELD_FOUND,0.0,0.06,267,0,0.0,0.1530819560277964,94,31,0,0,0,0
12.58785891532898,-0.18407763540744781,-10.546871611594685,1,WELD_FOUND,0.0,0.06,267,0,0.0,0.1530819560277964,94,31,0,0,0,0
12.607793807983398,nan,nan,0,NO_WELD,0.0,0.0,267,0,0.0,0.1530819560277964,94,32,0,0,0,0
12.6281156539917,nan,nan,0,NO_WELD,0.0,0.0,267,0,0.0,0.1530819560277964,94,32,0,0,0,0
12.647937536239624,nan,nan,0,NO_WELD,0.0,0.0,267,0,0.0,0.1530819560277964,94,32,0,0,0,0
12.668017148971558,nan,nan,0,NO_WELD,0.0,0.0,267,0,0.0,0.1530819560277964,94,32,0,0,0,0
12.687962293624878,nan,nan,0,NO_WELD,0.0,0.0,267,0,0.0,0.1530819560277964,94,32,0,0,0,0
12.707881450653076,nan,nan,0,NO_WELD,0.0,0.0,267,0,0.0,0.1530819560277964,94,33,0,0,0,0
12.727826118469238,nan,nan,0,NO_WELD,0.0,0.0,267,0,0.0,0.1530819560277964,94,33,0,0,0,0
12.747804164886475,nan,nan,0,NO_WELD,0.0,0.0,267,0,0.0,0.1530819560277964,94,33,0,0,0,0
12.767808437347412,nan,nan,0,NO_WELD,0.0,0.0,267,0,0.0,0.1530819560277964,94,33,0,0,0,0
12.787851333618164,nan,nan,0,NO_WELD,0.0,0.0,267,0,0.0,0.1530819560277964,94,33,0,0,0,0
12.807812213897705,nan,nan,0,NO_WELD,0.0,0.0,267,0,0.0,0.1530819560277964,94,34,0,0,0,0
12.8278067111969,nan,nan,0,NO_WELD,0.0,0.0,267,0,0.0,0.1530819560277964,94,34,0,0,0,0
12.847801685333252,nan,nan,0,NO_WELD,0.0,0.0,267,0,0.0,0.1530819560277964,94,34,0,0,0,0
12.86781907081604,nan,nan,0,NO_WELD,0.0,0.0,267,0,0.0,0.1530819560277964,94,34,0,0,0,0
12.887824773788452,nan,nan,0,NO_WELD,0.0,0.0,267,0,0.0,0.1530819560277964,94,34,0,0,0,0
12.907801151275635,-0.11044655740261078,-6.328121600918977,1,WELD_FOUND,0.005,0.03313396722078323,267,0,0.0,0.1530819560277964,95,34,0,0,0,0
12.927793741226196,-0.11044655740261078,-6.328121600918977,1,WELD_FOUND,0.005,0.03313396722078323,267,0,0.0,0.1530819560277964,95,34,0,0,0,0
12.947798013687134,-0.11044655740261078,-6.328121600918977,1,WELD_FOUND,0.005,0.03313396722078323,267,0,0.0,0.1530819560277964,95,34,0,0,0,0
12.967793941497803,-0.11044655740261078,-6.328121600918977,1,WELD_FOUND,0.005,0.03313396722078323,267,0,0.0,0.1530819560277964,95,34,0,0,0,0
12.987828016281128,-0.11044655740261078,-6.328121600918977,1,WELD_FOUND,0.005,0.03313396722078323,267,0,0.0,0.1530819560277964,95,34,0,0,0,0
13.007810115814209,-0.055223248898983,-3.164059092912196,1,WELD_FOUND,0.005,0.029820568710565563,267,0,0.0,0.1530819560277964,96,34,0,0,0,0
13.02781081199646,-0.055223248898983,-3.164059092912196,1,WELD_FOUND,0.005,0.029820568710565563,267,0,0.0,0.1530819560277964,96,34,0,0,0,0
13.04779863357544,-0.055223248898983,-3.164059092912196,1,WELD_FOUND,0.005,0.029820568710565563,267,0,0.0,0.1530819560277964,96,34,0,0,0,0
13.06779956817627,-0.055223248898983,-3.164059092912196,1,WELD_FOUND,0.005,0.029820568710565563,267,0,0.0,0.1530819560277964,96,34,0,0,0,0
13.087846994400024,-0.055223248898983,-3.164059092912196,1,WELD_FOUND,0.005,0.029820568710565563,267,0,0.0,0.1530819560277964,96,34,0,0,0,0
13.107816934585571,nan,nan,0,NO_WELD,0.0,0.0,267,0,0.0,0.1530819560277964,96,35,0,0,0,0
13.127826452255249,nan,nan,0,NO_WELD,0.0,0.0,267,0,0.0,0.1530819560277964,96,35,0,0,0,0
13.147790908813477,nan,nan,0,NO_WELD,0.0,0.0,267,0,0.0,0.1530819560277964,96,35,0,0,0,0
13.167811632156372,nan,nan,0,NO_WELD,0.0,0.0,267,0,0.0,0.1530819560277964,96,35,0,0,0,0
13.187833309173584,nan,nan,0,NO_WELD,0.0,0.0,267,0,0.0,0.1530819560277964,96,35,0,0,0,0
13.207792520523071,nan,nan,0,NO_WELD,0.0,0.0,267,0,0.0,0.1530819560277964,96,36,0,0,0,0
13.227798461914062,nan,nan,0,NO_WELD,0.0,0.0,267,0,0.0,0.1530819560277964,96,36,0,0,0,0
13.24779725074768,nan,nan,0,NO_WELD,0.0,0.0,267,0,0.0,0.1530819560277964,96,36,0,0,0,0
13.26780104637146,nan,nan,0,NO_WELD,0.0,0.0,267,0,0.0,0.1530819560277964,96,36,0,0,0,0
13.287841081619263,nan,nan,0,NO_WELD,0.0,0.0,267,0,0.0,0.1530819560277964,96,36,0,0,0,0
13.30782175064087,nan,nan,0,T_JUNCTION,0.0,0.0,267,0,0.0,0.1530819560277964,96,36,1,0,0,0
13.327804803848267,nan,nan,0,T_JUNCTION,0.0,0.0,267,0,0.0,0.1530819560277964,96,36,1,0,0,0
13.347801685333252,nan,nan,0,T_JUNCTION,0.0,0.0,267,0,0.0,0.1530819560277964,96,36,1,0,0,0
13.367798328399658,nan,nan,0,T_JUNCTION,0.0,0.0,267,0,0.0,0.1530819560277964,96,36,1,0,0,0
13.387805461883545,nan,nan,0,T_JUNCTION,0.0,0.0,267,0,0.0,0.1530819560277964,96,36,1,0,0,0
13.407819509506226,nan,nan,0,T_JUNCTION,0.0,0.0,267,0,0.0,0.1530819560277964,96,36,1,0,0,0
13.427797317504883,nan,nan,0,T_JUNCTION,0.0,0.0,267,0,0.0,0.1530819560277964,96,36,1,0,0,0
13.447803258895874,nan,nan,0,T_JUNCTION,0.0,0.0,267,0,0.0,0.1530819560277964,96,36,1,0,0,0
13.467811822891235,nan,nan,0,T_JUNCTION,0.0,0.0,267,0,0.0,0.1530819560277964,96,36,1,0,0,0
13.487801551818848,nan,nan,0,T_JUNCTION,0.0,0.0,267,0,0.0,0.1530819560277964,96,36,1,0,0,0
13.507819890975952,nan,nan,0,T_JUNCTION,0.0,0.0,267,0,0.0,0.1530819560277964,96,36,1,0,0,0
13.527806758880615,nan,nan,0,T_JUNCTION,0.0,0.0,267,0,0.0,0.1530819560277964,96,36,1,0,0,0
13.547783374786377,nan,nan,0,T_JUNCTION,0.0,0.0,267,0,0.0,0.1530819560277964,96,36,1,0,0,0
13.567800045013428,nan,nan,0,T_JUNCTION,0.0,0.0,267,0,0.0,0.1530819560277964,96,36,1,0,0,0
13.58781623840332,nan,nan,0,T_JUNCTION,0.0,0.0,267,0,0.0,0.1530819560277964,96,36,1,0,0,0
13.60779881477356,nan,nan,0,T_JUNCTION,0.0,0.0,267,0,0.0,0.1530819560277964,96,36,1,0,0,0
13.627843856811523,nan,nan,0,T_JUNCTION,0.0,0.0,267,0,0.0,0.1530819560277964,96,36,1,0,0,0
13.647801399230957,nan,nan,0,T_JUNCTION,0.0,0.0,267,0,0.0,0.1530819560277964,96,36,1,0,0,0
13.667805194854736,nan,nan,0,T_JUNCTION,0.0,0.0,267,0,0.0,0.1530819560277964,96,36,1,0,0,0
13.687794923782349,nan,nan,0,T_JUNCTION,0.0,0.0,267,0,0.0,0.1530819560277964,96,36,1,0,0,0
13.70780324935913,nan,nan,0,T_JUNCTION,0.0,0.0,267,0,0.0,0.1530819560277964,96,36,1,0,0,0
13.727805614471436,nan,nan,0,T_JUNCTION,0.0,0.0,267,0,0.0,0.1530819560277964,96,36,1,0,0,0
13.747782468795776,nan,nan,0,T_JUNCTION,0.0,0.0,267,0,0.0,0.1530819560277964,96,36,1,0,0,0
13.767775774002075,nan,nan,0,T_JUNCTION,0.0,0.0,267,0,0.0,0.1530819560277964,96,36,1,0,0,0
13.787804126739502,nan,nan,0,T_JUNCTION,0.0,0.0,267,0,0.0,0.1530819560277964,96,36,1,0,0,0
13.80783486366272,nan,nan,0,T_JUNCTION,0.0,0.0,267,0,0.0,0.1530819560277964,96,36,1,0,0,0
13.827794551849365,nan,nan,0,T_JUNCTION,0.0,0.0,267,0,0.0,0.1530819560277964,96,36,1,0,0,0
13.8478102684021,nan,nan,0,T_JUNCTION,0.0,0.0,267,0,0.0,0.1530819560277964,96,36,1,0,0,0
13.867793321609497,nan,nan,0,T_JUNCTION,0.0,0.0,267,0,0.0,0.1530819560277964,96,36,1,0,0,0
13.88778829574585,nan,nan,0,T_JUNCTION,0.0,0.0,267,0,0.0,0.1530819560277964,96,36,1,0,0,0
13.907833337783813,nan,nan,0,T_JUNCTION,0.0,0.0,267,0,0.0,0.1530819560277964,96,36,1,0,0,0
13.92781400680542,nan,nan,0,T_JUNCTION,0.0,0.0,267,0,0.0,0.1530819560277964,96,36,1,0,0,0
13.947800397872925,nan,nan,0,T_JUNCTION,0.0,0.0,267,0,0.0,0.1530819560277964,96,36,1,0,0,0
13.967792510986328,nan,nan,0,T_JUNCTION,0.0,0.0,267,0,0.0,0.1530819560277964,96,36,1,0,0,0
